Data,|I|,H,Out-Acc,In-Acc,Sol-Time,Model,Time Limit,Rand. State
soybean-small_enc,35,2,0.4166666666666667,1.0,0.0,DL8.5,3600,138
soybean-small_enc,35,2,0.5,1.0,0.0,DL8.5,3600,15
soybean-small_enc,35,2,0.75,1.0,0.0,DL8.5,3600,89
soybean-small_enc,35,2,0.75,1.0,0.0,DL8.5,3600,42
soybean-small_enc,35,2,0.5833333333333334,1.0,0.0,DL8.5,3600,0
soybean-small_enc,35,3,0.4166666666666667,1.0,0.0,DL8.5,3600,138
soybean-small_enc,35,3,0.5,1.0,0.0,DL8.5,3600,15
soybean-small_enc,35,3,0.75,1.0,0.0,DL8.5,3600,89
soybean-small_enc,35,3,0.75,1.0,0.0,DL8.5,3600,42
soybean-small_enc,35,3,0.5833333333333334,1.0,0.0,DL8.5,3600,0
soybean-small_enc,35,4,0.4166666666666667,1.0,0.0,DL8.5,3600,138
soybean-small_enc,35,4,0.5,1.0,0.0,DL8.5,3600,15
soybean-small_enc,35,4,0.75,1.0,0.0,DL8.5,3600,89
soybean-small_enc,35,4,0.75,1.0,0.0,DL8.5,3600,42
soybean-small_enc,35,4,0.5833333333333334,1.0,0.0,DL8.5,3600,0
soybean-small_enc,35,5,0.4166666666666667,1.0,0.0,DL8.5,3600,138
soybean-small_enc,35,5,0.4166666666666667,1.0,0.0,DL8.5,3600,15
soybean-small_enc,35,5,0.6666666666666666,1.0,0.0,DL8.5,3600,89
soybean-small_enc,35,5,0.6666666666666666,1.0,0.0,DL8.5,3600,42
soybean-small_enc,35,5,0.5,1.0,0.0,DL8.5,3600,0
monk3_enc,91,2,1.0,0.912088,0.0,DL8.5,3600,138
monk3_enc,91,2,0.9354838709677419,0.934066,0.0,DL8.5,3600,15
monk3_enc,91,2,0.9032258064516129,0.945055,0.0,DL8.5,3600,89
monk3_enc,91,2,0.9354838709677419,0.934066,0.0,DL8.5,3600,42
monk3_enc,91,2,0.9354838709677419,0.934066,0.0,DL8.5,3600,0
monk3_enc,91,3,0.967741935483871,0.945055,0.0,DL8.5,3600,138
monk3_enc,91,3,0.9032258064516129,0.956044,0.0,DL8.5,3600,15
monk3_enc,91,3,0.9032258064516129,0.967033,0.0,DL8.5,3600,89
monk3_enc,91,3,0.9032258064516129,0.967033,0.01,DL8.5,3600,42
monk3_enc,91,3,0.9032258064516129,0.967033,0.01,DL8.5,3600,0
monk3_enc,91,4,0.967741935483871,0.989011,0.03,DL8.5,3600,138
monk3_enc,91,4,0.9354838709677419,0.989011,0.02,DL8.5,3600,15
monk3_enc,91,4,0.7741935483870968,1.0,0.01,DL8.5,3600,89
monk3_enc,91,4,0.8709677419354839,1.0,0.02,DL8.5,3600,42
monk3_enc,91,4,0.9032258064516129,1.0,0.0,DL8.5,3600,0
monk3_enc,91,5,0.9032258064516129,1.0,0.01,DL8.5,3600,138
monk3_enc,91,5,0.7419354838709677,1.0,0.01,DL8.5,3600,15
monk3_enc,91,5,0.7419354838709677,1.0,0.0,DL8.5,3600,89
monk3_enc,91,5,0.8387096774193549,1.0,0.0,DL8.5,3600,42
monk3_enc,91,5,0.9032258064516129,1.0,0.01,DL8.5,3600,0
monk1_enc,93,2,0.9032258064516129,0.795699,0.0,DL8.5,3600,138
monk1_enc,93,2,0.7741935483870968,0.83871,0.0,DL8.5,3600,15
monk1_enc,93,2,0.8709677419354839,0.806452,0.0,DL8.5,3600,89
monk1_enc,93,2,0.8387096774193549,0.817204,0.0,DL8.5,3600,42
monk1_enc,93,2,0.7419354838709677,0.827957,0.01,DL8.5,3600,0
monk1_enc,93,3,0.9032258064516129,0.913978,0.02,DL8.5,3600,138
monk1_enc,93,3,0.7419354838709677,0.935484,0.0,DL8.5,3600,15
monk1_enc,93,3,0.9032258064516129,0.924731,0.01,DL8.5,3600,89
monk1_enc,93,3,0.9032258064516129,0.924731,0.0,DL8.5,3600,42
monk1_enc,93,3,0.9032258064516129,0.924731,0.0,DL8.5,3600,0
monk1_enc,93,4,1.0,1.0,0.0,DL8.5,3600,138
monk1_enc,93,4,1.0,1.0,0.0,DL8.5,3600,15
monk1_enc,93,4,1.0,1.0,0.0,DL8.5,3600,89
monk1_enc,93,4,1.0,1.0,0.0,DL8.5,3600,42
monk1_enc,93,4,1.0,1.0,0.0,DL8.5,3600,0
monk1_enc,93,5,0.9032258064516129,1.0,0.0,DL8.5,3600,138
monk1_enc,93,5,0.9354838709677419,1.0,0.0,DL8.5,3600,15
monk1_enc,93,5,0.9354838709677419,1.0,0.0,DL8.5,3600,89
monk1_enc,93,5,0.967741935483871,1.0,0.0,DL8.5,3600,42
monk1_enc,93,5,0.8709677419354839,1.0,0.0,DL8.5,3600,0
monk2_enc,126,2,0.6511627906976745,0.666667,0.01,DL8.5,3600,138
monk2_enc,126,2,0.5813953488372093,0.650794,0.0,DL8.5,3600,15
monk2_enc,126,2,0.6046511627906976,0.68254,0.0,DL8.5,3600,89
monk2_enc,126,2,0.4418604651162791,0.690476,0.0,DL8.5,3600,42
monk2_enc,126,2,0.4418604651162791,0.68254,0.0,DL8.5,3600,0
monk2_enc,126,3,0.6976744186046512,0.746032,0.02,DL8.5,3600,138
monk2_enc,126,3,0.6744186046511628,0.769841,0.02,DL8.5,3600,15
monk2_enc,126,3,0.7441860465116279,0.761905,0.01,DL8.5,3600,89
monk2_enc,126,3,0.6976744186046512,0.769841,0.01,DL8.5,3600,42
monk2_enc,126,3,0.627906976744186,0.769841,0.0,DL8.5,3600,0
monk2_enc,126,4,0.5581395348837209,0.84127,0.06,DL8.5,3600,138
monk2_enc,126,4,0.6511627906976745,0.849206,0.06,DL8.5,3600,15
monk2_enc,126,4,0.6511627906976745,0.849206,0.07,DL8.5,3600,89
monk2_enc,126,4,0.6046511627906976,0.849206,0.06,DL8.5,3600,42
monk2_enc,126,4,0.5813953488372093,0.857143,0.06,DL8.5,3600,0
monk2_enc,126,5,0.6046511627906976,0.936508,0.16,DL8.5,3600,138
monk2_enc,126,5,0.6744186046511628,0.944444,0.16,DL8.5,3600,15
monk2_enc,126,5,0.5813953488372093,0.952381,0.14,DL8.5,3600,89
monk2_enc,126,5,0.5813953488372093,0.97619,0.15,DL8.5,3600,42
monk2_enc,126,5,0.6744186046511628,0.968254,0.13,DL8.5,3600,0
hayes-roth_enc,99,2,0.3939393939393939,0.757576,0.0,DL8.5,3600,138
hayes-roth_enc,99,2,0.3939393939393939,0.767677,0.0,DL8.5,3600,15
hayes-roth_enc,99,2,0.30303030303030304,0.808081,0.0,DL8.5,3600,89
hayes-roth_enc,99,2,0.3333333333333333,0.777778,0.0,DL8.5,3600,42
hayes-roth_enc,99,2,0.36363636363636365,0.787879,0.0,DL8.5,3600,0
hayes-roth_enc,99,3,0.6060606060606061,0.888889,0.0,DL8.5,3600,138
hayes-roth_enc,99,3,0.6060606060606061,0.888889,0.0,DL8.5,3600,15
hayes-roth_enc,99,3,0.48484848484848486,0.919192,0.0,DL8.5,3600,89
hayes-roth_enc,99,3,0.5151515151515151,0.909091,0.0,DL8.5,3600,42
hayes-roth_enc,99,3,0.6060606060606061,0.909091,0.01,DL8.5,3600,0
hayes-roth_enc,99,4,0.6060606060606061,0.929293,0.02,DL8.5,3600,138
hayes-roth_enc,99,4,0.5757575757575758,0.929293,0.02,DL8.5,3600,15
hayes-roth_enc,99,4,0.48484848484848486,0.949495,0.01,DL8.5,3600,89
hayes-roth_enc,99,4,0.5151515151515151,0.939394,0.02,DL8.5,3600,42
hayes-roth_enc,99,4,0.696969696969697,0.909091,0.02,DL8.5,3600,0
hayes-roth_enc,99,5,0.6060606060606061,0.929293,0.04,DL8.5,3600,138
hayes-roth_enc,99,5,0.6060606060606061,0.929293,0.05,DL8.5,3600,15
hayes-roth_enc,99,5,0.48484848484848486,0.949495,0.04,DL8.5,3600,89
hayes-roth_enc,99,5,0.5151515151515151,0.939394,0.04,DL8.5,3600,42
hayes-roth_enc,99,5,0.6060606060606061,0.909091,0.05,DL8.5,3600,0
house-votes-84_enc,174,2,0.9482758620689655,0.977011,0.0,DL8.5,3600,138
house-votes-84_enc,174,2,0.9655172413793104,0.971264,0.0,DL8.5,3600,15
house-votes-84_enc,174,2,0.9827586206896551,0.965517,0.0,DL8.5,3600,89
house-votes-84_enc,174,2,0.9827586206896551,0.965517,0.01,DL8.5,3600,42
house-votes-84_enc,174,2,0.896551724137931,0.982759,0.0,DL8.5,3600,0
house-votes-84_enc,174,3,0.9310344827586207,0.988506,0.02,DL8.5,3600,138
house-votes-84_enc,174,3,0.9482758620689655,0.982759,0.01,DL8.5,3600,15
house-votes-84_enc,174,3,0.9482758620689655,0.977011,0.01,DL8.5,3600,89
house-votes-84_enc,174,3,0.9655172413793104,0.977011,0.01,DL8.5,3600,42
house-votes-84_enc,174,3,0.9137931034482759,0.988506,0.0,DL8.5,3600,0
house-votes-84_enc,174,4,0.9137931034482759,0.994253,0.03,DL8.5,3600,138
house-votes-84_enc,174,4,0.9655172413793104,1.0,0.0,DL8.5,3600,15
house-votes-84_enc,174,4,0.9655172413793104,0.994253,0.02,DL8.5,3600,89
house-votes-84_enc,174,4,0.9655172413793104,1.0,0.01,DL8.5,3600,42
house-votes-84_enc,174,4,0.9137931034482759,1.0,0.01,DL8.5,3600,0
house-votes-84_enc,174,5,0.9310344827586207,1.0,0.01,DL8.5,3600,138
house-votes-84_enc,174,5,0.9482758620689655,1.0,0.0,DL8.5,3600,15
house-votes-84_enc,174,5,0.9482758620689655,1.0,0.0,DL8.5,3600,89
house-votes-84_enc,174,5,0.9482758620689655,1.0,0.0,DL8.5,3600,42
house-votes-84_enc,174,5,0.9655172413793104,1.0,0.0,DL8.5,3600,0
spect_enc,200,2,0.8208955223880597,0.785,0.0,DL8.5,3600,138
spect_enc,200,2,0.8955223880597015,0.76,0.0,DL8.5,3600,15
spect_enc,200,2,0.8059701492537313,0.79,0.0,DL8.5,3600,89
spect_enc,200,2,0.6567164179104478,0.82,0.0,DL8.5,3600,42
spect_enc,200,2,0.835820895522388,0.78,0.0,DL8.5,3600,0
spect_enc,200,3,0.7761194029850746,0.83,0.02,DL8.5,3600,138
spect_enc,200,3,0.8507462686567164,0.805,0.04,DL8.5,3600,15
spect_enc,200,3,0.7910447761194029,0.825,0.02,DL8.5,3600,89
spect_enc,200,3,0.6268656716417911,0.865,0.01,DL8.5,3600,42
spect_enc,200,3,0.7910447761194029,0.825,0.02,DL8.5,3600,0
spect_enc,200,4,0.746268656716418,0.88,0.11,DL8.5,3600,138
spect_enc,200,4,0.8656716417910447,0.86,0.17,DL8.5,3600,15
spect_enc,200,4,0.746268656716418,0.88,0.14,DL8.5,3600,89
spect_enc,200,4,0.6268656716417911,0.905,0.16,DL8.5,3600,42
spect_enc,200,4,0.7313432835820896,0.88,0.16,DL8.5,3600,0
spect_enc,200,5,0.7014925373134329,0.91,0.61,DL8.5,3600,138
spect_enc,200,5,0.746268656716418,0.895,1.02,DL8.5,3600,15
spect_enc,200,5,0.7910447761194029,0.925,0.57,DL8.5,3600,89
spect_enc,200,5,0.6865671641791045,0.94,0.76,DL8.5,3600,42
spect_enc,200,5,0.7761194029850746,0.92,0.68,DL8.5,3600,0
breast-cancer_enc,207,2,0.7285714285714285,0.78744,0.01,DL8.5,3600,138
breast-cancer_enc,207,2,0.6714285714285714,0.797101,0.01,DL8.5,3600,15
breast-cancer_enc,207,2,0.6714285714285714,0.801932,0.0,DL8.5,3600,89
breast-cancer_enc,207,2,0.7285714285714285,0.792271,0.0,DL8.5,3600,42
breast-cancer_enc,207,2,0.6857142857142857,0.797101,0.0,DL8.5,3600,0
breast-cancer_enc,207,3,0.6285714285714286,0.826087,0.09,DL8.5,3600,138
breast-cancer_enc,207,3,0.6142857142857143,0.835749,0.09,DL8.5,3600,15
breast-cancer_enc,207,3,0.6428571428571429,0.835749,0.09,DL8.5,3600,89
breast-cancer_enc,207,3,0.6857142857142857,0.830918,0.09,DL8.5,3600,42
breast-cancer_enc,207,3,0.7,0.830918,0.08,DL8.5,3600,0
breast-cancer_enc,207,4,0.7285714285714285,0.874396,1.35,DL8.5,3600,138
breast-cancer_enc,207,4,0.6571428571428571,0.884058,1.31,DL8.5,3600,15
breast-cancer_enc,207,4,0.6857142857142857,0.879227,1.36,DL8.5,3600,89
breast-cancer_enc,207,4,0.7428571428571429,0.884058,1.38,DL8.5,3600,42
breast-cancer_enc,207,4,0.7571428571428571,0.888889,1.35,DL8.5,3600,0
breast-cancer_enc,207,5,0.6571428571428571,0.937198,13.15,DL8.5,3600,138
breast-cancer_enc,207,5,0.6571428571428571,0.942029,12.63,DL8.5,3600,15
breast-cancer_enc,207,5,0.6714285714285714,0.937198,12.68,DL8.5,3600,89
breast-cancer_enc,207,5,0.7142857142857143,0.942029,12.85,DL8.5,3600,42
breast-cancer_enc,207,5,0.7142857142857143,0.94686,12.47,DL8.5,3600,0
balance-scale_enc,468,2,0.4012738853503185,0.925214,0.02,DL8.5,3600,138
balance-scale_enc,468,2,0.4267515923566879,0.935897,0.0,DL8.5,3600,15
balance-scale_enc,468,2,0.4267515923566879,0.92094,0.0,DL8.5,3600,89
balance-scale_enc,468,2,0.42038216560509556,0.92735,0.0,DL8.5,3600,42
balance-scale_enc,468,2,0.49044585987261147,0.916667,0.01,DL8.5,3600,0
balance-scale_enc,468,3,0.37579617834394907,0.931624,0.04,DL8.5,3600,138
balance-scale_enc,468,3,0.4267515923566879,0.942308,0.02,DL8.5,3600,15
balance-scale_enc,468,3,0.42038216560509556,0.92735,0.03,DL8.5,3600,89
balance-scale_enc,468,3,0.42038216560509556,0.931624,0.04,DL8.5,3600,42
balance-scale_enc,468,3,0.4840764331210191,0.925214,0.04,DL8.5,3600,0
balance-scale_enc,468,4,0.34394904458598724,0.942308,0.19,DL8.5,3600,138
balance-scale_enc,468,4,0.4140127388535032,0.950855,0.18,DL8.5,3600,15
balance-scale_enc,468,4,0.42038216560509556,0.938034,0.19,DL8.5,3600,89
balance-scale_enc,468,4,0.40764331210191085,0.942308,0.19,DL8.5,3600,42
balance-scale_enc,468,4,0.47770700636942676,0.938034,0.19,DL8.5,3600,0
balance-scale_enc,468,5,0.3503184713375796,0.959402,1.02,DL8.5,3600,138
balance-scale_enc,468,5,0.3885350318471338,0.967949,0.85,DL8.5,3600,15
balance-scale_enc,468,5,0.36942675159235666,0.955128,1.14,DL8.5,3600,89
balance-scale_enc,468,5,0.3885350318471338,0.959402,1.03,DL8.5,3600,42
balance-scale_enc,468,5,0.445859872611465,0.955128,1.05,DL8.5,3600,0
tic-tac-toe_enc,718,2,0.7041666666666667,0.706128,0.02,DL8.5,3600,138
tic-tac-toe_enc,718,2,0.6791666666666667,0.714485,0.01,DL8.5,3600,15
tic-tac-toe_enc,718,2,0.6416666666666667,0.707521,0.01,DL8.5,3600,89
tic-tac-toe_enc,718,2,0.6708333333333333,0.711699,0.0,DL8.5,3600,42
tic-tac-toe_enc,718,2,0.6583333333333333,0.721448,0.0,DL8.5,3600,0
tic-tac-toe_enc,718,3,0.7166666666666667,0.788301,0.08,DL8.5,3600,138
tic-tac-toe_enc,718,3,0.7083333333333334,0.791086,0.07,DL8.5,3600,15
tic-tac-toe_enc,718,3,0.7416666666666667,0.784123,0.07,DL8.5,3600,89
tic-tac-toe_enc,718,3,0.7333333333333333,0.785515,0.08,DL8.5,3600,42
tic-tac-toe_enc,718,3,0.7375,0.786908,0.08,DL8.5,3600,0
tic-tac-toe_enc,718,4,0.825,0.864903,0.98,DL8.5,3600,138
tic-tac-toe_enc,718,4,0.7916666666666666,0.874652,0.94,DL8.5,3600,15
tic-tac-toe_enc,718,4,0.825,0.866295,0.94,DL8.5,3600,89
tic-tac-toe_enc,718,4,0.825,0.864903,1.0,DL8.5,3600,42
tic-tac-toe_enc,718,4,0.8083333333333333,0.871866,0.94,DL8.5,3600,0
tic-tac-toe_enc,718,5,0.8916666666666667,0.942897,7.01,DL8.5,3600,138
tic-tac-toe_enc,718,5,0.8791666666666667,0.948468,6.46,DL8.5,3600,15
tic-tac-toe_enc,718,5,0.8833333333333333,0.948468,6.89,DL8.5,3600,89
tic-tac-toe_enc,718,5,0.8583333333333333,0.942897,7.18,DL8.5,3600,42
tic-tac-toe_enc,718,5,0.8375,0.948468,6.88,DL8.5,3600,0
car_evaluation_enc,1296,2,0.7800925925925926,0.777006,0.01,DL8.5,3600,138
car_evaluation_enc,1296,2,0.7731481481481481,0.779321,0.0,DL8.5,3600,15
car_evaluation_enc,1296,2,0.7916666666666666,0.773148,0.0,DL8.5,3600,89
car_evaluation_enc,1296,2,0.7939814814814815,0.772377,0.0,DL8.5,3600,42
car_evaluation_enc,1296,2,0.7569444444444444,0.784722,0.0,DL8.5,3600,0
car_evaluation_enc,1296,3,0.7824074074074074,0.813272,0.03,DL8.5,3600,138
car_evaluation_enc,1296,3,0.7939814814814815,0.809414,0.03,DL8.5,3600,15
car_evaluation_enc,1296,3,0.8009259259259259,0.807099,0.03,DL8.5,3600,89
car_evaluation_enc,1296,3,0.8078703703703703,0.804784,0.03,DL8.5,3600,42
car_evaluation_enc,1296,3,0.7800925925925926,0.814043,0.04,DL8.5,3600,0
car_evaluation_enc,1296,4,0.8171296296296297,0.838735,0.28,DL8.5,3600,138
car_evaluation_enc,1296,4,0.8263888888888888,0.835648,0.29,DL8.5,3600,15
car_evaluation_enc,1296,4,0.8287037037037037,0.834877,0.31,DL8.5,3600,89
car_evaluation_enc,1296,4,0.8379629629629629,0.83179,0.29,DL8.5,3600,42
car_evaluation_enc,1296,4,0.8101851851851852,0.841049,0.3,DL8.5,3600,0
car_evaluation_enc,1296,5,0.8634259259259259,0.881944,1.75,DL8.5,3600,138
car_evaluation_enc,1296,5,0.8842592592592593,0.875,1.85,DL8.5,3600,15
car_evaluation_enc,1296,5,0.8634259259259259,0.881944,1.77,DL8.5,3600,89
car_evaluation_enc,1296,5,0.8726851851851852,0.878858,1.78,DL8.5,3600,42
car_evaluation_enc,1296,5,0.8657407407407407,0.880401,1.82,DL8.5,3600,0
kr-vs-kp_enc,2397,2,0.8798498122653317,0.865665,0.02,DL8.5,3600,138
kr-vs-kp_enc,2397,2,0.8635794743429287,0.871089,0.02,DL8.5,3600,15
kr-vs-kp_enc,2397,2,0.8685857321652065,0.86942,0.01,DL8.5,3600,89
kr-vs-kp_enc,2397,2,0.8773466833541927,0.8665,0.01,DL8.5,3600,42
kr-vs-kp_enc,2397,2,0.8685857321652065,0.86942,0.01,DL8.5,3600,0
kr-vs-kp_enc,2397,3,0.9361702127659575,0.938673,0.23,DL8.5,3600,138
kr-vs-kp_enc,2397,3,0.9436795994993742,0.93617,0.24,DL8.5,3600,15
kr-vs-kp_enc,2397,3,0.9311639549436797,0.939925,0.23,DL8.5,3600,89
kr-vs-kp_enc,2397,3,0.9286608260325406,0.940759,0.24,DL8.5,3600,42
kr-vs-kp_enc,2397,3,0.9374217772215269,0.938256,0.25,DL8.5,3600,0
kr-vs-kp_enc,2397,4,0.9549436795994993,0.954944,5.74,DL8.5,3600,138
kr-vs-kp_enc,2397,4,0.9549436795994993,0.952858,5.79,DL8.5,3600,15
kr-vs-kp_enc,2397,4,0.9574468085106383,0.954109,5.65,DL8.5,3600,89
kr-vs-kp_enc,2397,4,0.9449311639549437,0.958281,5.4,DL8.5,3600,42
kr-vs-kp_enc,2397,4,0.9524405506883604,0.953692,5.78,DL8.5,3600,0
kr-vs-kp_enc,2397,5,0.9649561952440551,0.975803,77.93,DL8.5,3600,138
kr-vs-kp_enc,2397,5,0.9712140175219024,0.975386,76.050003,DL8.5,3600,15
kr-vs-kp_enc,2397,5,0.9712140175219024,0.974134,78.110001,DL8.5,3600,89
kr-vs-kp_enc,2397,5,0.9499374217772215,0.979558,67.739998,DL8.5,3600,42
kr-vs-kp_enc,2397,5,0.9687108886107635,0.974134,78.589996,DL8.5,3600,0
fico_binary_enc,7844,2,0.7017208413001912,0.714559,0.0,DL8.5,3600,138
fico_binary_enc,7844,2,0.7108986615678776,0.711499,0.01,DL8.5,3600,15
fico_binary_enc,7844,2,0.7158699808795411,0.709842,0.0,DL8.5,3600,89
fico_binary_enc,7844,2,0.6959847036328872,0.716471,0.0,DL8.5,3600,42
fico_binary_enc,7844,2,0.7170172084130019,0.709459,0.0,DL8.5,3600,0
fico_binary_enc,7844,3,0.7074569789674953,0.720168,0.07,DL8.5,3600,138
fico_binary_enc,7844,3,0.7124282982791587,0.718383,0.07,DL8.5,3600,15
fico_binary_enc,7844,3,0.7173996175908222,0.716471,0.06,DL8.5,3600,89
fico_binary_enc,7844,3,0.6994263862332696,0.722591,0.07,DL8.5,3600,42
fico_binary_enc,7844,3,0.7204588910133843,0.715834,0.07,DL8.5,3600,0
fico_binary_enc,7844,4,0.7093690248565966,0.726925,0.7,DL8.5,3600,138
fico_binary_enc,7844,4,0.7093690248565966,0.72463,0.69,DL8.5,3600,15
fico_binary_enc,7844,4,0.7219885277246654,0.72361,0.71,DL8.5,3600,89
fico_binary_enc,7844,4,0.7001912045889102,0.72973,0.71,DL8.5,3600,42
fico_binary_enc,7844,4,0.7223709369024857,0.721826,0.69,DL8.5,3600,0
fico_binary_enc,7844,5,0.7093690248565966,0.733044,4.47,DL8.5,3600,138
fico_binary_enc,7844,5,0.7154875717017208,0.733172,4.53,DL8.5,3600,15
fico_binary_enc,7844,5,0.7193116634799235,0.731132,4.51,DL8.5,3600,89
fico_binary_enc,7844,5,0.6948374760994264,0.737124,4.46,DL8.5,3600,42
fico_binary_enc,7844,5,0.7216061185468451,0.730367,4.46,DL8.5,3600,0
monk1_enc,93,2,0.7741935483870968,0.8387096774193549,0.9184920787811279,QuantBnB,3600,138
monk1_enc,93,2,0.8064516129032258,0.8279569892473118,0.004606962203979492,QuantBnB,3600,15
monk1_enc,93,2,0.6451612903225806,0.8817204301075269,0.004478931427001953,QuantBnB,3600,89
monk1_enc,93,2,0.7741935483870968,0.8387096774193549,0.004723072052001953,QuantBnB,3600,42
monk1_enc,93,2,0.7419354838709677,0.8279569892473118,0.005072116851806641,QuantBnB,3600,0
monk1_enc,93,3,0.8709677419354839,0.935483870967742,0.5050430297851562,QuantBnB,3600,138
monk1_enc,93,3,0.8709677419354839,0.9247311827956989,0.05228590965270996,QuantBnB,3600,15
monk1_enc,93,3,0.6774193548387097,0.956989247311828,0.06052517890930176,QuantBnB,3600,89
monk1_enc,93,3,0.8387096774193549,0.935483870967742,0.052304983139038086,QuantBnB,3600,42
monk1_enc,93,3,0.9032258064516129,0.9139784946236559,0.05151486396789551,QuantBnB,3600,0
monk1_enc,93,4,0.7741935483870968,0.8387096774193549,0.004652976989746094,QuantBnB,3600,138
monk1_enc,93,4,0.8064516129032258,0.8279569892473118,0.004702091217041016,QuantBnB,3600,15
monk1_enc,93,4,0.6451612903225806,0.8817204301075269,0.005251884460449219,QuantBnB,3600,89
monk1_enc,93,4,0.7741935483870968,0.8387096774193549,0.011059045791625977,QuantBnB,3600,42
monk1_enc,93,4,0.7419354838709677,0.8279569892473118,0.0045490264892578125,QuantBnB,3600,0
monk1_enc,93,5,0.7741935483870968,0.8387096774193549,0.004770994186401367,QuantBnB,3600,138
monk1_enc,93,5,0.8064516129032258,0.8279569892473118,0.0051920413970947266,QuantBnB,3600,15
monk1_enc,93,5,0.6451612903225806,0.8817204301075269,0.010430097579956055,QuantBnB,3600,89
monk1_enc,93,5,0.7741935483870968,0.8387096774193549,0.005053997039794922,QuantBnB,3600,42
monk1_enc,93,5,0.7419354838709677,0.8279569892473118,0.004621982574462891,QuantBnB,3600,0
monk2_enc,126,2,0.4883720930232558,0.6587301587301587,0.011584997177124023,QuantBnB,3600,138
monk2_enc,126,2,0.6046511627906976,0.6825396825396826,0.005686044692993164,QuantBnB,3600,15
monk2_enc,126,2,0.6046511627906976,0.6825396825396826,0.005617856979370117,QuantBnB,3600,89
monk2_enc,126,2,0.5813953488372092,0.6746031746031746,0.012071847915649414,QuantBnB,3600,42
monk2_enc,126,2,0.4651162790697675,0.6825396825396826,0.005483150482177734,QuantBnB,3600,0
monk2_enc,126,3,0.6046511627906976,0.753968253968254,0.06376910209655762,QuantBnB,3600,138
monk2_enc,126,3,0.6511627906976745,0.7936507936507937,0.06306791305541992,QuantBnB,3600,15
monk2_enc,126,3,0.6511627906976745,0.7936507936507937,0.0565640926361084,QuantBnB,3600,89
monk2_enc,126,3,0.7674418604651163,0.753968253968254,0.05678987503051758,QuantBnB,3600,42
monk2_enc,126,3,0.6511627906976745,0.7619047619047619,0.06356120109558105,QuantBnB,3600,0
monk2_enc,126,4,0.4883720930232558,0.6587301587301587,0.005525827407836914,QuantBnB,3600,138
monk2_enc,126,4,0.6046511627906976,0.6825396825396826,0.012547969818115234,QuantBnB,3600,15
monk2_enc,126,4,0.6046511627906976,0.6825396825396826,0.006123065948486328,QuantBnB,3600,89
monk2_enc,126,4,0.5813953488372092,0.6746031746031746,0.005889177322387695,QuantBnB,3600,42
monk2_enc,126,4,0.4651162790697675,0.6825396825396826,0.006072998046875,QuantBnB,3600,0
monk2_enc,126,5,0.4883720930232558,0.6587301587301587,0.006451845169067383,QuantBnB,3600,138
monk2_enc,126,5,0.6046511627906976,0.6825396825396826,0.005644083023071289,QuantBnB,3600,15
monk2_enc,126,5,0.6046511627906976,0.6825396825396826,0.005361795425415039,QuantBnB,3600,89
monk2_enc,126,5,0.5813953488372092,0.6746031746031746,0.0058917999267578125,QuantBnB,3600,42
monk2_enc,126,5,0.4651162790697675,0.6825396825396826,0.0055348873138427734,QuantBnB,3600,0
monk3_enc,91,2,0.935483870967742,0.9340659340659341,0.0045888423919677734,QuantBnB,3600,138
monk3_enc,91,2,0.935483870967742,0.9340659340659341,0.004498004913330078,QuantBnB,3600,15
monk3_enc,91,2,0.967741935483871,0.9230769230769231,0.005009889602661133,QuantBnB,3600,89
monk3_enc,91,2,0.9032258064516129,0.945054945054945,0.010766029357910156,QuantBnB,3600,42
monk3_enc,91,2,0.935483870967742,0.9340659340659341,0.004987001419067383,QuantBnB,3600,0
monk3_enc,91,3,0.9032258064516129,0.9560439560439561,0.049549102783203125,QuantBnB,3600,138
monk3_enc,91,3,0.935483870967742,0.945054945054945,0.057646989822387695,QuantBnB,3600,15
monk3_enc,91,3,0.935483870967742,0.945054945054945,0.05017900466918945,QuantBnB,3600,89
monk3_enc,91,3,0.8709677419354839,0.978021978021978,0.05771303176879883,QuantBnB,3600,42
monk3_enc,91,3,0.935483870967742,0.9560439560439561,0.05033612251281738,QuantBnB,3600,0
monk3_enc,91,4,0.935483870967742,0.9340659340659341,0.00454401969909668,QuantBnB,3600,138
monk3_enc,91,4,0.935483870967742,0.9340659340659341,0.011338949203491211,QuantBnB,3600,15
monk3_enc,91,4,0.967741935483871,0.9230769230769231,0.004630088806152344,QuantBnB,3600,89
monk3_enc,91,4,0.9032258064516129,0.945054945054945,0.004704952239990234,QuantBnB,3600,42
monk3_enc,91,4,0.935483870967742,0.9340659340659341,0.005027055740356445,QuantBnB,3600,0
monk3_enc,91,5,0.935483870967742,0.9340659340659341,0.010376930236816406,QuantBnB,3600,138
monk3_enc,91,5,0.935483870967742,0.9340659340659341,0.004515886306762695,QuantBnB,3600,15
monk3_enc,91,5,0.967741935483871,0.9230769230769231,0.00459599494934082,QuantBnB,3600,89
monk3_enc,91,5,0.9032258064516129,0.945054945054945,0.011101961135864258,QuantBnB,3600,42
monk3_enc,91,5,0.935483870967742,0.9340659340659341,0.004776954650878906,QuantBnB,3600,0
soybean-small_enc,35,2,0.9166666666666666,1.0,0.9359371662139893,QuantBnB,3600,138
soybean-small_enc,35,2,1.0,1.0,0.029745101928710938,QuantBnB,3600,15
soybean-small_enc,35,2,0.9166666666666666,1.0,0.03583097457885742,QuantBnB,3600,89
soybean-small_enc,35,2,0.9166666666666666,1.0,0.03104400634765625,QuantBnB,3600,42
soybean-small_enc,35,2,0.8333333333333334,1.0,0.03055405616760254,QuantBnB,3600,0
hayes-roth_enc,99,2,0.5151515151515151,0.6363636363636364,0.9036319255828857,QuantBnB,3600,138
hayes-roth_enc,99,2,0.4545454545454546,0.6565656565656566,0.005270957946777344,QuantBnB,3600,15
hayes-roth_enc,99,2,0.5454545454545454,0.6262626262626263,0.012406110763549805,QuantBnB,3600,89
hayes-roth_enc,99,2,0.5151515151515151,0.6363636363636364,0.00560307502746582,QuantBnB,3600,42
hayes-roth_enc,99,2,0.5151515151515151,0.6363636363636364,0.01098012924194336,QuantBnB,3600,0
hayes-roth_enc,99,3,0.6060606060606061,0.7878787878787878,0.5304479598999023,QuantBnB,3600,138
hayes-roth_enc,99,3,0.5757575757575757,0.7878787878787878,0.06217002868652344,QuantBnB,3600,15
hayes-roth_enc,99,3,0.6363636363636364,0.7676767676767677,0.05559515953063965,QuantBnB,3600,89
hayes-roth_enc,99,3,0.6363636363636364,0.7777777777777778,0.05522608757019043,QuantBnB,3600,42
hayes-roth_enc,99,3,0.6666666666666667,0.7676767676767677,0.06059598922729492,QuantBnB,3600,0
breast-cancer_enc,207,2,0.7285714285714286,0.782608695652174,0.9594488143920898,QuantBnB,3600,138
breast-cancer_enc,207,2,0.6428571428571428,0.8115942028985508,0.06757307052612305,QuantBnB,3600,15
breast-cancer_enc,207,2,0.7,0.7922705314009661,0.06274700164794922,QuantBnB,3600,89
breast-cancer_enc,207,2,0.6714285714285715,0.8115942028985508,0.06660079956054688,QuantBnB,3600,42
breast-cancer_enc,207,2,0.6571428571428571,0.7777777777777778,0.0637810230255127,QuantBnB,3600,0
breast-cancer_enc,207,3,0.6857142857142857,0.8260869565217391,1.623690128326416,QuantBnB,3600,138
breast-cancer_enc,207,3,0.6428571428571428,0.8454106280193237,1.1475989818572998,QuantBnB,3600,15
breast-cancer_enc,207,3,0.7,0.8309178743961353,0.9870059490203857,QuantBnB,3600,89
breast-cancer_enc,207,3,0.6285714285714286,0.8405797101449275,1.0683939456939697,QuantBnB,3600,42
breast-cancer_enc,207,3,0.7285714285714286,0.8260869565217391,0.996366024017334,QuantBnB,3600,0
balance-scale_enc,468,2,0.6751592356687899,0.6837606837606838,0.04385495185852051,QuantBnB,3600,138
balance-scale_enc,468,2,0.6624203821656052,0.688034188034188,0.0417938232421875,QuantBnB,3600,15
balance-scale_enc,468,2,0.6433121019108281,0.6944444444444444,0.042684078216552734,QuantBnB,3600,89
balance-scale_enc,468,2,0.6369426751592357,0.6965811965811965,0.03676199913024902,QuantBnB,3600,42
balance-scale_enc,468,2,0.6687898089171975,0.6858974358974359,0.036553144454956055,QuantBnB,3600,0
balance-scale_enc,468,3,0.7452229299363058,0.7371794871794872,0.3587770462036133,QuantBnB,3600,138
balance-scale_enc,468,3,0.7324840764331211,0.7414529914529915,0.3636620044708252,QuantBnB,3600,15
balance-scale_enc,468,3,0.694267515923567,0.7457264957264957,0.357867956161499,QuantBnB,3600,89
balance-scale_enc,468,3,0.6815286624203822,0.7585470085470085,0.35953807830810547,QuantBnB,3600,42
balance-scale_enc,468,3,0.713375796178344,0.7478632478632479,0.3575899600982666,QuantBnB,3600,0
tic-tac-toe_enc,718,2,0.6458333333333333,0.7186629526462396,0.09450602531433105,QuantBnB,3600,138
tic-tac-toe_enc,718,2,0.65,0.7200557103064067,0.09491300582885742,QuantBnB,3600,15
tic-tac-toe_enc,718,2,0.6875,0.7116991643454039,0.0996859073638916,QuantBnB,3600,89
tic-tac-toe_enc,718,2,0.6666666666666667,0.7186629526462396,0.09302210807800293,QuantBnB,3600,42
tic-tac-toe_enc,718,2,0.6333333333333333,0.7228412256267409,0.09327578544616699,QuantBnB,3600,0
tic-tac-toe_enc,718,3,0.7083333333333333,0.7952646239554317,1.1233470439910889,QuantBnB,3600,138
tic-tac-toe_enc,718,3,0.7083333333333333,0.7952646239554317,1.1077089309692383,QuantBnB,3600,15
tic-tac-toe_enc,718,3,0.7083333333333333,0.7966573816155988,1.1245520114898682,QuantBnB,3600,89
tic-tac-toe_enc,718,3,0.6958333333333333,0.7952646239554317,1.1115119457244873,QuantBnB,3600,42
tic-tac-toe_enc,718,3,0.6916666666666667,0.7966573816155988,1.1150469779968262,QuantBnB,3600,0
car_evaluation_enc,1296,2,0.7662037037037037,0.7816358024691358,0.08993005752563477,QuantBnB,3600,138
car_evaluation_enc,1296,2,0.8194444444444444,0.7638888888888888,0.09102511405944824,QuantBnB,3600,15
car_evaluation_enc,1296,2,0.75,0.787037037037037,0.08776116371154785,QuantBnB,3600,89
car_evaluation_enc,1296,2,0.7662037037037037,0.7816358024691358,0.08982682228088379,QuantBnB,3600,42
car_evaluation_enc,1296,2,0.7731481481481481,0.779320987654321,0.0894467830657959,QuantBnB,3600,0
car_evaluation_enc,1296,3,0.7916666666666666,0.8101851851851851,0.8881258964538574,QuantBnB,3600,138
car_evaluation_enc,1296,3,0.8240740740740741,0.7993827160493827,0.7461380958557129,QuantBnB,3600,15
car_evaluation_enc,1296,3,0.7824074074074074,0.8132716049382716,0.7322449684143066,QuantBnB,3600,89
car_evaluation_enc,1296,3,0.7800925925925926,0.8140432098765432,0.7506599426269531,QuantBnB,3600,42
car_evaluation_enc,1296,3,0.8078703703703703,0.8047839506172839,0.7346680164337158,QuantBnB,3600,0
kr-vs-kp_enc,2397,2,0.8785982478097623,0.8660826032540676,0.46320605278015137,QuantBnB,3600,138
kr-vs-kp_enc,2397,2,0.8560700876095119,0.8735919899874843,0.4896430969238281,QuantBnB,3600,15
kr-vs-kp_enc,2397,2,0.8823529411764706,0.8648310387984981,0.49428582191467285,QuantBnB,3600,89
kr-vs-kp_enc,2397,2,0.853566958698373,0.8744263662911973,0.4821450710296631,QuantBnB,3600,42
kr-vs-kp_enc,2397,2,0.8610763454317898,0.8719232373800584,0.48016786575317383,QuantBnB,3600,0
kr-vs-kp_enc,2397,3,0.9436795994993742,0.9357530246141009,7.245382070541382,QuantBnB,3600,138
kr-vs-kp_enc,2397,3,0.9374217772215269,0.9382561535252398,7.7489330768585205,QuantBnB,3600,15
kr-vs-kp_enc,2397,3,0.9399249061326659,0.9370045890696704,7.991904973983765,QuantBnB,3600,89
kr-vs-kp_enc,2397,3,0.934918648310388,0.9390905298289529,7.794523000717163,QuantBnB,3600,42
kr-vs-kp_enc,2397,3,0.9399249061326659,0.9374217772215269,7.832067966461182,QuantBnB,3600,0
fico_binary_enc,7844,2,0.707074569789675,0.7127740948495666,1.1394801139831543,QuantBnB,3600,138
fico_binary_enc,7844,2,0.7135755258126195,0.7106068332483426,0.2861969470977783,QuantBnB,3600,15
fico_binary_enc,7844,2,0.6967495219885278,0.713539010708822,0.2763340473175049,QuantBnB,3600,89
fico_binary_enc,7844,2,0.6963671128107074,0.7163437021927588,0.26796889305114746,QuantBnB,3600,42
fico_binary_enc,7844,2,0.708604206500956,0.7122641509433962,0.25249385833740234,QuantBnB,3600,0
fico_binary_enc,7844,3,0.7124282982791588,0.7186384497705253,2.610517978668213,QuantBnB,3600,138
fico_binary_enc,7844,3,0.7166347992351816,0.7164711881693013,2.17379093170166,QuantBnB,3600,15
fico_binary_enc,7844,3,0.7063097514340344,0.7197858235594085,2.1032609939575195,QuantBnB,3600,89
fico_binary_enc,7844,3,0.7001912045889102,0.7219530851606324,2.166766881942749,QuantBnB,3600,42
fico_binary_enc,7844,3,0.7124282982791588,0.7177460479347272,2.1419620513916016,QuantBnB,3600,0
monk3_enc,91,2,0.3870967741935484,0.4065934065934066,0.011356738999893423,GOSDT+g,3600,138
monk3_enc,91,2,0.45161290322580644,0.5274725274725275,0.010820630999660352,GOSDT+g,3600,15
monk3_enc,91,2,0.5161290322580645,0.5054945054945055,0.010426143000586308,GOSDT+g,3600,89
monk3_enc,91,2,0.5483870967741935,0.4945054945054945,0.01041577099931601,GOSDT+g,3600,42
monk3_enc,91,2,0.4838709677419355,0.5164835164835165,0.010502303999601281,GOSDT+g,3600,0
monk3_enc,91,3,0.5806451612903226,0.5494505494505495,0.01393534599992563,GOSDT+g,3600,138
monk3_enc,91,3,0.5483870967741935,0.6263736263736264,0.013298053000653454,GOSDT+g,3600,15
monk3_enc,91,3,0.6129032258064516,0.5824175824175825,0.014142494999759947,GOSDT+g,3600,89
monk3_enc,91,3,0.5806451612903226,0.46153846153846156,0.013617054999485845,GOSDT+g,3600,42
monk3_enc,91,3,0.4838709677419355,0.5164835164835165,0.012054855000315001,GOSDT+g,3600,0
monk3_enc,91,4,0.6129032258064516,0.5824175824175825,0.018036393000329554,GOSDT+g,3600,138
monk3_enc,91,4,0.5483870967741935,0.6263736263736264,0.014982377000706038,GOSDT+g,3600,15
monk3_enc,91,4,0.5161290322580645,0.5054945054945055,0.016690501000084623,GOSDT+g,3600,89
monk3_enc,91,4,0.6774193548387096,0.5714285714285714,0.016413321000072756,GOSDT+g,3600,42
monk3_enc,91,4,0.5161290322580645,0.5824175824175825,0.0160831209996104,GOSDT+g,3600,0
monk3_enc,91,5,0.5806451612903226,0.46153846153846156,0.020801812000172504,GOSDT+g,3600,138
monk3_enc,91,5,0.4838709677419355,0.5824175824175825,0.017683611000393284,GOSDT+g,3600,15
monk3_enc,91,5,0.5161290322580645,0.4835164835164835,0.018572437999864633,GOSDT+g,3600,89
monk3_enc,91,5,0.5483870967741935,0.4945054945054945,0.017737582999870938,GOSDT+g,3600,42
monk3_enc,91,5,0.5806451612903226,0.5494505494505495,0.018272542999511643,GOSDT+g,3600,0
monk1_enc,93,2,0.45161290322580644,0.5376344086021505,0.010938311000245449,GOSDT+g,3600,138
monk1_enc,93,2,0.3870967741935484,0.5591397849462365,0.01091053600066516,GOSDT+g,3600,15
monk1_enc,93,2,0.5161290322580645,0.5161290322580645,0.010828112999661244,GOSDT+g,3600,89
monk1_enc,93,2,0.5806451612903226,0.4946236559139785,0.010953289000099176,GOSDT+g,3600,42
monk1_enc,93,2,0.5483870967741935,0.5053763440860215,0.011232701999688288,GOSDT+g,3600,0
monk1_enc,93,3,0.4838709677419355,0.46236559139784944,0.012790171999768063,GOSDT+g,3600,138
monk1_enc,93,3,0.5806451612903226,0.6129032258064516,0.012436547999641334,GOSDT+g,3600,15
monk1_enc,93,3,0.5806451612903226,0.5698924731182796,0.012897147000330733,GOSDT+g,3600,89
monk1_enc,93,3,0.6774193548387096,0.5376344086021505,0.013371893999647,GOSDT+g,3600,42
monk1_enc,93,3,0.3548387096774194,0.3870967741935484,0.012127031999625615,GOSDT+g,3600,0
monk1_enc,93,4,0.3870967741935484,0.3548387096774194,0.013133839000147418,GOSDT+g,3600,138
monk1_enc,93,4,0.7096774193548387,0.5483870967741935,0.015613547999237198,GOSDT+g,3600,15
monk1_enc,93,4,0.6774193548387096,0.5591397849462365,0.014666959999885876,GOSDT+g,3600,89
monk1_enc,93,4,0.2903225806451613,0.3870967741935484,0.015035931000056735,GOSDT+g,3600,42
monk1_enc,93,4,0.5483870967741935,0.6021505376344086,0.01542282599984901,GOSDT+g,3600,0
monk1_enc,93,5,0.41935483870967744,0.3655913978494624,0.01492033900012757,GOSDT+g,3600,138
monk1_enc,93,5,0.5806451612903226,0.6129032258064516,0.014086086999668623,GOSDT+g,3600,15
monk1_enc,93,5,0.6129032258064516,0.6021505376344086,0.014093179000155942,GOSDT+g,3600,89
monk1_enc,93,5,0.3870967741935484,0.46236559139784944,0.013969933999760542,GOSDT+g,3600,42
monk1_enc,93,5,0.45161290322580644,0.5161290322580645,0.0168478759997015,GOSDT+g,3600,0
monk2_enc,126,2,0.4883720930232558,0.47619047619047616,0.011512099000356102,GOSDT+g,3600,138
monk2_enc,126,2,0.7209302325581395,0.5714285714285714,0.011711670999829948,GOSDT+g,3600,15
monk2_enc,126,2,0.5581395348837209,0.5238095238095238,0.012003574000118533,GOSDT+g,3600,89
monk2_enc,126,2,0.46511627906976744,0.5079365079365079,0.0122915819993068,GOSDT+g,3600,42
monk2_enc,126,2,0.5348837209302325,0.6507936507936508,0.011415914000281191,GOSDT+g,3600,0
monk2_enc,126,3,0.7209302325581395,0.5555555555555556,0.015439515999787545,GOSDT+g,3600,138
monk2_enc,126,3,0.6744186046511628,0.5634920634920635,0.014328208999359049,GOSDT+g,3600,15
monk2_enc,126,3,0.4883720930232558,0.5634920634920635,0.01584976199956145,GOSDT+g,3600,89
monk2_enc,126,3,0.46511627906976744,0.5634920634920635,0.015119229000447376,GOSDT+g,3600,42
monk2_enc,126,3,0.5813953488372093,0.5317460317460317,0.015806379000423476,GOSDT+g,3600,0
monk2_enc,126,4,0.6511627906976745,0.5714285714285714,0.020970238000700192,GOSDT+g,3600,138
monk2_enc,126,4,0.6744186046511628,0.5317460317460317,0.021663466000063636,GOSDT+g,3600,15
monk2_enc,126,4,0.6976744186046512,0.5714285714285714,0.02192412600015814,GOSDT+g,3600,89
monk2_enc,126,4,0.6046511627906976,0.5317460317460317,0.022031051000340085,GOSDT+g,3600,42
monk2_enc,126,4,0.5116279069767442,0.6031746031746031,0.02116364900030021,GOSDT+g,3600,0
monk2_enc,126,5,0.4418604651162791,0.5079365079365079,0.030012014000021736,GOSDT+g,3600,138
monk2_enc,126,5,0.627906976744186,0.6190476190476191,0.02850723099982133,GOSDT+g,3600,15
monk2_enc,126,5,0.5813953488372093,0.5952380952380952,0.03011757099920942,GOSDT+g,3600,89
monk2_enc,126,5,0.4883720930232558,0.46825396825396826,0.031306023999604804,GOSDT+g,3600,42
monk2_enc,126,5,0.46511627906976744,0.6190476190476191,0.027261758999884478,GOSDT+g,3600,0
hayes-roth_enc,99,2,0.2727272727272727,0.23232323232323232,0.04163801499998954,GOSDT+g,3600,138
hayes-roth_enc,99,2,0.24242424242424243,0.1919191919191919,0.041566927000530995,GOSDT+g,3600,15
hayes-roth_enc,99,2,0.24242424242424243,0.2222222222222222,0.04166227499990782,GOSDT+g,3600,89
hayes-roth_enc,99,2,0.30303030303030304,0.3333333333333333,0.04155624099985289,GOSDT+g,3600,42
hayes-roth_enc,99,2,0.21212121212121213,0.30303030303030304,0.04080394599986903,GOSDT+g,3600,0
hayes-roth_enc,99,3,0.45454545454545453,0.45454545454545453,0.05285580000054324,GOSDT+g,3600,138
hayes-roth_enc,99,3,0.30303030303030304,0.35353535353535354,0.05223901799945452,GOSDT+g,3600,15
hayes-roth_enc,99,3,0.5757575757575758,0.5454545454545454,0.05283490100009658,GOSDT+g,3600,89
hayes-roth_enc,99,3,0.24242424242424243,0.30303030303030304,0.05232045899992954,GOSDT+g,3600,42
hayes-roth_enc,99,3,0.45454545454545453,0.32323232323232326,0.05140811500041309,GOSDT+g,3600,0
hayes-roth_enc,99,4,0.30303030303030304,0.46464646464646464,0.06790038700000878,GOSDT+g,3600,138
hayes-roth_enc,99,4,0.36363636363636365,0.24242424242424243,0.0668549140000323,GOSDT+g,3600,15
hayes-roth_enc,99,4,0.30303030303030304,0.36363636363636365,0.0672531970003547,GOSDT+g,3600,89
hayes-roth_enc,99,4,0.2727272727272727,0.2727272727272727,0.06703685399952519,GOSDT+g,3600,42
hayes-roth_enc,99,4,0.2727272727272727,0.29292929292929293,0.06518538700038334,GOSDT+g,3600,0
hayes-roth_enc,99,5,0.36363636363636365,0.3333333333333333,0.0886750719992051,GOSDT+g,3600,138
hayes-roth_enc,99,5,0.36363636363636365,0.24242424242424243,0.08663553899987164,GOSDT+g,3600,15
hayes-roth_enc,99,5,0.36363636363636365,0.37373737373737376,0.0875640869999188,GOSDT+g,3600,89
hayes-roth_enc,99,5,0.21212121212121213,0.2828282828282828,0.0844347199999902,GOSDT+g,3600,42
hayes-roth_enc,99,5,0.15151515151515152,0.21212121212121213,0.082373474000633,GOSDT+g,3600,0
house-votes-84_enc,174,2,0.6551724137931034,0.6896551724137931,0.011720758000592468,GOSDT+g,3600,138
house-votes-84_enc,174,2,0.6896551724137931,0.6781609195402298,0.011296376999780477,GOSDT+g,3600,15
house-votes-84_enc,174,2,0.41379310344827586,0.5114942528735632,0.011964121999881172,GOSDT+g,3600,89
house-votes-84_enc,174,2,0.6206896551724138,0.7011494252873564,0.011168207999617152,GOSDT+g,3600,42
house-votes-84_enc,174,2,0.7413793103448276,0.6609195402298851,0.011326671999995597,GOSDT+g,3600,0
house-votes-84_enc,174,3,0.05172413793103448,0.022988505747126436,0.016618090999145352,GOSDT+g,3600,138
house-votes-84_enc,174,3,0.6896551724137931,0.6781609195402298,0.013142978999894694,GOSDT+g,3600,15
house-votes-84_enc,174,3,0.41379310344827586,0.5114942528735632,0.015445844000169018,GOSDT+g,3600,89
house-votes-84_enc,174,3,0.5172413793103449,0.47701149425287354,0.013834200000019337,GOSDT+g,3600,42
house-votes-84_enc,174,3,0.4827586206896552,0.4885057471264368,0.013018874999943364,GOSDT+g,3600,0
house-votes-84_enc,174,4,0.8793103448275862,0.8390804597701149,0.01815703800002666,GOSDT+g,3600,138
house-votes-84_enc,174,4,0.5,0.4827586206896552,0.015395093999359233,GOSDT+g,3600,15
house-votes-84_enc,174,4,0.8448275862068966,0.8505747126436781,0.018509448999793676,GOSDT+g,3600,89
house-votes-84_enc,174,4,0.5172413793103449,0.47701149425287354,0.015058171000418952,GOSDT+g,3600,42
house-votes-84_enc,174,4,0.9137931034482759,0.8275862068965517,0.014276607000283548,GOSDT+g,3600,0
house-votes-84_enc,174,5,0.05172413793103448,0.022988505747126436,0.019255244999840215,GOSDT+g,3600,138
house-votes-84_enc,174,5,0.8793103448275862,0.8390804597701149,0.016318212999976822,GOSDT+g,3600,15
house-votes-84_enc,174,5,0.017241379310344827,0.034482758620689655,0.020386995000080788,GOSDT+g,3600,89
house-votes-84_enc,174,5,0.5172413793103449,0.47701149425287354,0.01582009600042511,GOSDT+g,3600,42
house-votes-84_enc,174,5,0.9137931034482759,0.8275862068965517,0.015517400999669917,GOSDT+g,3600,0
spect_enc,200,2,0.8208955223880597,0.785,0.012669697999626806,GOSDT+g,3600,138
spect_enc,200,2,0.8955223880597015,0.76,0.013563562999479473,GOSDT+g,3600,15
spect_enc,200,2,0.8059701492537313,0.79,0.013177959000131523,GOSDT+g,3600,89
spect_enc,200,2,0.8059701492537313,0.79,0.013752734999798122,GOSDT+g,3600,42
spect_enc,200,2,0.835820895522388,0.78,0.013590724000096088,GOSDT+g,3600,0
spect_enc,200,3,0.8208955223880597,0.785,0.01769953299935878,GOSDT+g,3600,138
spect_enc,200,3,0.8955223880597015,0.76,0.018525321999732114,GOSDT+g,3600,15
spect_enc,200,3,0.8059701492537313,0.79,0.018560173999503604,GOSDT+g,3600,89
spect_enc,200,3,0.8059701492537313,0.79,0.017935442000634794,GOSDT+g,3600,42
spect_enc,200,3,0.835820895522388,0.78,0.016967641000519507,GOSDT+g,3600,0
spect_enc,200,4,0.8208955223880597,0.785,0.023710039999969013,GOSDT+g,3600,138
spect_enc,200,4,0.8955223880597015,0.76,0.02409640599944396,GOSDT+g,3600,15
spect_enc,200,4,0.8059701492537313,0.79,0.024109119000058854,GOSDT+g,3600,89
spect_enc,200,4,0.8059701492537313,0.79,0.02523029699932522,GOSDT+g,3600,42
spect_enc,200,4,0.835820895522388,0.78,0.025201706999723683,GOSDT+g,3600,0
spect_enc,200,5,0.8208955223880597,0.785,0.031217873000059626,GOSDT+g,3600,138
spect_enc,200,5,0.8955223880597015,0.76,0.03398369000024104,GOSDT+g,3600,15
spect_enc,200,5,0.8059701492537313,0.79,0.034781575000124576,GOSDT+g,3600,89
spect_enc,200,5,0.8059701492537313,0.79,0.035588318999543844,GOSDT+g,3600,42
spect_enc,200,5,0.835820895522388,0.78,0.036055210000085935,GOSDT+g,3600,0
breast-cancer_enc,207,2,0.6857142857142857,0.714975845410628,0.013805794999825594,GOSDT+g,3600,138
breast-cancer_enc,207,2,0.6571428571428571,0.7246376811594203,0.014160520999212167,GOSDT+g,3600,15
breast-cancer_enc,207,2,0.7142857142857143,0.7053140096618358,0.013662694000231568,GOSDT+g,3600,89
breast-cancer_enc,207,2,0.6714285714285714,0.7198067632850241,0.0137671100001171,GOSDT+g,3600,42
breast-cancer_enc,207,2,0.6571428571428571,0.7246376811594203,0.013355584999771963,GOSDT+g,3600,0
breast-cancer_enc,207,3,0.6857142857142857,0.714975845410628,0.018772135999824968,GOSDT+g,3600,138
breast-cancer_enc,207,3,0.6571428571428571,0.7246376811594203,0.019265601000370225,GOSDT+g,3600,15
breast-cancer_enc,207,3,0.7142857142857143,0.7053140096618358,0.01772566799991182,GOSDT+g,3600,89
breast-cancer_enc,207,3,0.6714285714285714,0.7198067632850241,0.01938184699974954,GOSDT+g,3600,42
breast-cancer_enc,207,3,0.6571428571428571,0.7246376811594203,0.01955015800012916,GOSDT+g,3600,0
breast-cancer_enc,207,4,0.6857142857142857,0.714975845410628,0.02514443299969571,GOSDT+g,3600,138
breast-cancer_enc,207,4,0.6571428571428571,0.7246376811594203,0.023879031999967992,GOSDT+g,3600,15
breast-cancer_enc,207,4,0.7142857142857143,0.7053140096618358,0.025800534000154585,GOSDT+g,3600,89
breast-cancer_enc,207,4,0.6714285714285714,0.7198067632850241,0.025388695999936317,GOSDT+g,3600,42
breast-cancer_enc,207,4,0.6571428571428571,0.7246376811594203,0.025427663000300527,GOSDT+g,3600,0
breast-cancer_enc,207,5,0.6857142857142857,0.714975845410628,0.03500853300010931,GOSDT+g,3600,138
breast-cancer_enc,207,5,0.6571428571428571,0.7246376811594203,0.03653912699974171,GOSDT+g,3600,15
breast-cancer_enc,207,5,0.7142857142857143,0.7053140096618358,0.03478090499993414,GOSDT+g,3600,89
breast-cancer_enc,207,5,0.6714285714285714,0.7198067632850241,0.03565869100020791,GOSDT+g,3600,42
breast-cancer_enc,207,5,0.6571428571428571,0.7246376811594203,0.03565328399963619,GOSDT+g,3600,0
balance-scale_enc,468,2,0.4012738853503185,0.4807692307692308,0.057183317000635725,GOSDT+g,3600,138
balance-scale_enc,468,2,0.445859872611465,0.4658119658119658,0.056045027000436676,GOSDT+g,3600,15
balance-scale_enc,468,2,0.45222929936305734,0.4636752136752137,0.055283020000388206,GOSDT+g,3600,89
balance-scale_enc,468,2,0.42038216560509556,0.47435897435897434,0.05479597700013983,GOSDT+g,3600,42
balance-scale_enc,468,2,0.4394904458598726,0.46794871794871795,0.055532448000121803,GOSDT+g,3600,0
balance-scale_enc,468,3,0.4012738853503185,0.4807692307692308,0.07643018199996732,GOSDT+g,3600,138
balance-scale_enc,468,3,0.445859872611465,0.4658119658119658,0.0763935559998572,GOSDT+g,3600,15
balance-scale_enc,468,3,0.45222929936305734,0.4636752136752137,0.07537159900039114,GOSDT+g,3600,89
balance-scale_enc,468,3,0.42038216560509556,0.47435897435897434,0.07272912400003406,GOSDT+g,3600,42
balance-scale_enc,468,3,0.4394904458598726,0.46794871794871795,0.070134951,GOSDT+g,3600,0
balance-scale_enc,468,4,0.4012738853503185,0.4807692307692308,0.09791175999998813,GOSDT+g,3600,138
balance-scale_enc,468,4,0.445859872611465,0.4658119658119658,0.10324559200034855,GOSDT+g,3600,15
balance-scale_enc,468,4,0.45222929936305734,0.4636752136752137,0.1030844889992295,GOSDT+g,3600,89
balance-scale_enc,468,4,0.42038216560509556,0.47435897435897434,0.10353742299957958,GOSDT+g,3600,42
balance-scale_enc,468,4,0.4394904458598726,0.46794871794871795,0.1045524450000812,GOSDT+g,3600,0
balance-scale_enc,468,5,0.4012738853503185,0.4807692307692308,0.13569272699987778,GOSDT+g,3600,138
balance-scale_enc,468,5,0.445859872611465,0.4658119658119658,0.1410902929992517,GOSDT+g,3600,15
balance-scale_enc,468,5,0.45222929936305734,0.4636752136752137,0.13977382200027932,GOSDT+g,3600,89
balance-scale_enc,468,5,0.42038216560509556,0.47435897435897434,0.13841149899963057,GOSDT+g,3600,42
balance-scale_enc,468,5,0.4394904458598726,0.46794871794871795,0.14008304700018925,GOSDT+g,3600,0
tic-tac-toe_enc,718,2,0.6791666666666667,0.6448467966573816,0.0207932309995158,GOSDT+g,3600,138
tic-tac-toe_enc,718,2,0.6583333333333333,0.6518105849582173,0.021633389000271563,GOSDT+g,3600,15
tic-tac-toe_enc,718,2,0.6583333333333333,0.6518105849582173,0.021066802999484935,GOSDT+g,3600,89
tic-tac-toe_enc,718,2,0.6875,0.6420612813370473,0.02100171400070394,GOSDT+g,3600,42
tic-tac-toe_enc,718,2,0.6416666666666667,0.6573816155988857,0.022555927999746928,GOSDT+g,3600,0
tic-tac-toe_enc,718,3,0.6791666666666667,0.6448467966573816,0.03222571500009508,GOSDT+g,3600,138
tic-tac-toe_enc,718,3,0.6583333333333333,0.6518105849582173,0.030946075999963796,GOSDT+g,3600,15
tic-tac-toe_enc,718,3,0.6583333333333333,0.6518105849582173,0.026406893999592285,GOSDT+g,3600,89
tic-tac-toe_enc,718,3,0.6875,0.6420612813370473,0.03226409200033231,GOSDT+g,3600,42
tic-tac-toe_enc,718,3,0.6416666666666667,0.6573816155988857,0.032398704000115686,GOSDT+g,3600,0
tic-tac-toe_enc,718,4,0.6791666666666667,0.6448467966573816,0.03997407800034125,GOSDT+g,3600,138
tic-tac-toe_enc,718,4,0.6583333333333333,0.6518105849582173,0.04566836899994087,GOSDT+g,3600,15
tic-tac-toe_enc,718,4,0.6583333333333333,0.6518105849582173,0.045160950000536104,GOSDT+g,3600,89
tic-tac-toe_enc,718,4,0.6875,0.6420612813370473,0.04275156899984722,GOSDT+g,3600,42
tic-tac-toe_enc,718,4,0.6416666666666667,0.6573816155988857,0.044519847999254125,GOSDT+g,3600,0
tic-tac-toe_enc,718,5,0.6791666666666667,0.6448467966573816,0.057307322999804455,GOSDT+g,3600,138
tic-tac-toe_enc,718,5,0.6583333333333333,0.6518105849582173,0.054292528999212664,GOSDT+g,3600,15
tic-tac-toe_enc,718,5,0.6583333333333333,0.6518105849582173,0.06004469799972867,GOSDT+g,3600,89
tic-tac-toe_enc,718,5,0.6875,0.6420612813370473,0.05365381800038449,GOSDT+g,3600,42
tic-tac-toe_enc,718,5,0.6416666666666667,0.6573816155988857,0.05096857100033958,GOSDT+g,3600,0
car_evaluation_enc,1296,2,0.6851851851851852,0.7052469135802469,0.12588578599934408,GOSDT+g,3600,138
car_evaluation_enc,1296,2,0.7013888888888888,0.6998456790123457,0.12279146400032914,GOSDT+g,3600,15
car_evaluation_enc,1296,2,0.6967592592592593,0.7013888888888888,0.1233216930004346,GOSDT+g,3600,89
car_evaluation_enc,1296,2,0.6805555555555556,0.7067901234567902,0.12050179299967567,GOSDT+g,3600,42
car_evaluation_enc,1296,2,0.6851851851851852,0.7052469135802469,0.11945211600050243,GOSDT+g,3600,0
car_evaluation_enc,1296,3,0.6851851851851852,0.7052469135802469,0.16641427600006864,GOSDT+g,3600,138
car_evaluation_enc,1296,3,0.7013888888888888,0.6998456790123457,0.17047927800012985,GOSDT+g,3600,15
car_evaluation_enc,1296,3,0.6967592592592593,0.7013888888888888,0.17070012299973314,GOSDT+g,3600,89
car_evaluation_enc,1296,3,0.6805555555555556,0.7067901234567902,0.16562568800054578,GOSDT+g,3600,42
car_evaluation_enc,1296,3,0.6851851851851852,0.7052469135802469,0.16842174100020202,GOSDT+g,3600,0
car_evaluation_enc,1296,4,0.6851851851851852,0.7052469135802469,0.2176666169998498,GOSDT+g,3600,138
car_evaluation_enc,1296,4,0.7013888888888888,0.6998456790123457,0.22773104299994884,GOSDT+g,3600,15
car_evaluation_enc,1296,4,0.6967592592592593,0.7013888888888888,0.2213956120003786,GOSDT+g,3600,89
car_evaluation_enc,1296,4,0.6805555555555556,0.7067901234567902,0.22240518899980088,GOSDT+g,3600,42
car_evaluation_enc,1296,4,0.6851851851851852,0.7052469135802469,0.22231166299934557,GOSDT+g,3600,0
car_evaluation_enc,1296,5,0.6851851851851852,0.7052469135802469,0.2872446370001853,GOSDT+g,3600,138
car_evaluation_enc,1296,5,0.7013888888888888,0.6998456790123457,0.2702419830002327,GOSDT+g,3600,15
car_evaluation_enc,1296,5,0.6967592592592593,0.7013888888888888,0.2660436189999018,GOSDT+g,3600,89
car_evaluation_enc,1296,5,0.6805555555555556,0.7067901234567902,0.2802424620003876,GOSDT+g,3600,42
car_evaluation_enc,1296,5,0.6851851851851852,0.7052469135802469,0.27989394900032494,GOSDT+g,3600,0
kr-vs-kp_enc,2397,2,0.5256570713391739,0.523153942428035,0.02782582200052275,GOSDT+g,3600,138
kr-vs-kp_enc,2397,2,0.5506883604505632,0.5148101793909053,0.028657109000050696,GOSDT+g,3600,15
kr-vs-kp_enc,2397,2,0.5356695869837297,0.5198164372131832,0.027736819999518048,GOSDT+g,3600,89
kr-vs-kp_enc,2397,2,0.5331664580725908,0.5206508135168961,0.027864732000125514,GOSDT+g,3600,42
kr-vs-kp_enc,2397,2,0.5344180225281602,0.5202336253650396,0.02754900699983409,GOSDT+g,3600,0
kr-vs-kp_enc,2397,3,0.5544430538172715,0.5790571547768043,0.045153193999794894,GOSDT+g,3600,138
kr-vs-kp_enc,2397,3,0.6195244055068836,0.6032540675844806,0.04406357699917862,GOSDT+g,3600,15
kr-vs-kp_enc,2397,3,0.5244055068836045,0.5552774301209845,0.047889798000142036,GOSDT+g,3600,89
kr-vs-kp_enc,2397,3,0.5431789737171464,0.5302461410095953,0.03835017399978824,GOSDT+g,3600,42
kr-vs-kp_enc,2397,3,0.5369211514392991,0.5390070921985816,0.04741639799976838,GOSDT+g,3600,0
kr-vs-kp_enc,2397,4,0.5957446808510638,0.60450563204005,0.054475601999911305,GOSDT+g,3600,138
kr-vs-kp_enc,2397,4,0.5519399249061326,0.5398414685022945,0.054738871999688854,GOSDT+g,3600,15
kr-vs-kp_enc,2397,4,0.43178973717146435,0.4655819774718398,0.0676865559998987,GOSDT+g,3600,89
kr-vs-kp_enc,2397,4,0.4818523153942428,0.4722569879015436,0.06675470099980885,GOSDT+g,3600,42
kr-vs-kp_enc,2397,4,0.5106382978723404,0.5164789319983313,0.06417592600064381,GOSDT+g,3600,0
kr-vs-kp_enc,2397,5,0.4618272841051314,0.46349603671255735,0.0733607669999401,GOSDT+g,3600,138
kr-vs-kp_enc,2397,5,0.4555694618272841,0.46015853149770547,0.07795479199921829,GOSDT+g,3600,15
kr-vs-kp_enc,2397,5,0.5682102628285357,0.5431789737171464,0.0735302330003833,GOSDT+g,3600,89
kr-vs-kp_enc,2397,5,0.48435544430538174,0.4806007509386733,0.07254163299967331,GOSDT+g,3600,42
kr-vs-kp_enc,2397,5,0.44430538172715894,0.43471005423445974,0.08587349400022504,GOSDT+g,3600,0
fico_binary_enc,7844,2,0.5349904397705545,0.517593064762876,0.10340949799956434,GOSDT+g,3600,138
fico_binary_enc,7844,2,0.5391969407265774,0.5161907190209077,0.10075308500017854,GOSDT+g,3600,15
fico_binary_enc,7844,2,0.5315487571701721,0.5187404385517593,0.10130039199975727,GOSDT+g,3600,89
fico_binary_enc,7844,2,0.5219885277246654,0.5219275879653238,0.09900168200056214,GOSDT+g,3600,42
fico_binary_enc,7844,2,0.518546845124283,0.5230749617542071,0.10736883899971872,GOSDT+g,3600,0
fico_binary_enc,7844,3,0.5349904397705545,0.517593064762876,0.13242515900037688,GOSDT+g,3600,138
fico_binary_enc,7844,3,0.5391969407265774,0.5161907190209077,0.1366511790001823,GOSDT+g,3600,15
fico_binary_enc,7844,3,0.5315487571701721,0.5187404385517593,0.1361631790005049,GOSDT+g,3600,89
fico_binary_enc,7844,3,0.5219885277246654,0.5219275879653238,0.1365882159998364,GOSDT+g,3600,42
fico_binary_enc,7844,3,0.518546845124283,0.5230749617542071,0.13754094399973837,GOSDT+g,3600,0
fico_binary_enc,7844,4,0.5349904397705545,0.517593064762876,0.16008392200001254,GOSDT+g,3600,138
fico_binary_enc,7844,4,0.5391969407265774,0.5161907190209077,0.1691786379997211,GOSDT+g,3600,15
fico_binary_enc,7844,4,0.5315487571701721,0.5187404385517593,0.1666610779993789,GOSDT+g,3600,89
fico_binary_enc,7844,4,0.5219885277246654,0.5219275879653238,0.1701239580006586,GOSDT+g,3600,42
fico_binary_enc,7844,4,0.518546845124283,0.5230749617542071,0.1675665080001636,GOSDT+g,3600,0
fico_binary_enc,7844,5,0.5349904397705545,0.517593064762876,0.20090947199969378,GOSDT+g,3600,138
fico_binary_enc,7844,5,0.5391969407265774,0.5161907190209077,0.20462172699990333,GOSDT+g,3600,15
fico_binary_enc,7844,5,0.5315487571701721,0.5187404385517593,0.20507198199993582,GOSDT+g,3600,89
fico_binary_enc,7844,5,0.5219885277246654,0.5219275879653238,0.20024312199984706,GOSDT+g,3600,42
fico_binary_enc,7844,5,0.518546845124283,0.5230749617542071,0.1962637470005575,GOSDT+g,3600,0
soybean-small_enc,35,2,1,1,0.01,DL8.5,3600,138
soybean-small_enc,35,2,0.916666667,1,0,DL8.5,3600,15
soybean-small_enc,35,2,1,1,0,DL8.5,3600,89
soybean-small_enc,35,2,0.916666667,1,0,DL8.5,3600,42
soybean-small_enc,35,2,1,1,0.01,DL8.5,3600,0
soybean-small_enc,35,3,1,1,0.01,DL8.5,3600,138
soybean-small_enc,35,3,0.916666667,1,0.01,DL8.5,3600,15
soybean-small_enc,35,3,1,1,0,DL8.5,3600,89
soybean-small_enc,35,3,0.916666667,1,0,DL8.5,3600,42
soybean-small_enc,35,3,1,1,0.01,DL8.5,3600,0
soybean-small_enc,35,4,1,1,0,DL8.5,3600,138
soybean-small_enc,35,4,0.5,1,0,DL8.5,3600,15
soybean-small_enc,35,4,1,1,0,DL8.5,3600,89
soybean-small_enc,35,4,0.916666667,1,0,DL8.5,3600,42
soybean-small_enc,35,4,0.833333333,1,0,DL8.5,3600,0
soybean-small_enc,35,5,0.916666667,1,0,DL8.5,3600,138
soybean-small_enc,35,5,0.75,1,0,DL8.5,3600,15
soybean-small_enc,35,5,0.833333333,1,0.01,DL8.5,3600,89
soybean-small_enc,35,5,1,1,0,DL8.5,3600,42
soybean-small_enc,35,5,0.833333333,1,0,DL8.5,3600,0
monk3_enc,91,2,1,0.912088,0,DL8.5,3600,138
monk3_enc,91,2,0.935483871,0.934066,0,DL8.5,3600,15
monk3_enc,91,2,0.903225806,0.945055,0,DL8.5,3600,89
monk3_enc,91,2,0.935483871,0.934066,0,DL8.5,3600,42
monk3_enc,91,2,0.935483871,0.934066,0,DL8.5,3600,0
monk3_enc,91,3,0.967741935,0.945055,0.01,DL8.5,3600,138
monk3_enc,91,3,0.903225806,0.956044,0,DL8.5,3600,15
monk3_enc,91,3,0.903225806,0.967033,0,DL8.5,3600,89
monk3_enc,91,3,0.903225806,0.967033,0.01,DL8.5,3600,42
monk3_enc,91,3,0.903225806,0.967033,0,DL8.5,3600,0
monk3_enc,91,4,0.967741935,0.989011,0.03,DL8.5,3600,138
monk3_enc,91,4,0.935483871,0.989011,0.02,DL8.5,3600,15
monk3_enc,91,4,0.774193548,1,0.01,DL8.5,3600,89
monk3_enc,91,4,0.870967742,1,0.01,DL8.5,3600,42
monk3_enc,91,4,0.903225806,1,0.01,DL8.5,3600,0
monk3_enc,91,5,0.903225806,1,0.02,DL8.5,3600,138
monk3_enc,91,5,0.741935484,1,0,DL8.5,3600,15
monk3_enc,91,5,0.741935484,1,0.02,DL8.5,3600,89
monk3_enc,91,5,0.838709677,1,0.01,DL8.5,3600,42
monk3_enc,91,5,0.903225806,1,0.01,DL8.5,3600,0
monk1_enc,93,2,0.903225806,0.795699,0,DL8.5,3600,138
monk1_enc,93,2,0.774193548,0.83871,0,DL8.5,3600,15
monk1_enc,93,2,0.870967742,0.806452,0,DL8.5,3600,89
monk1_enc,93,2,0.838709677,0.817204,0,DL8.5,3600,42
monk1_enc,93,2,0.741935484,0.827957,0.02,DL8.5,3600,0
monk1_enc,93,3,0.903225806,0.913978,0,DL8.5,3600,138
monk1_enc,93,3,0.741935484,0.935484,0,DL8.5,3600,15
monk1_enc,93,3,0.903225806,0.924731,0,DL8.5,3600,89
monk1_enc,93,3,0.903225806,0.924731,0,DL8.5,3600,42
monk1_enc,93,3,0.903225806,0.924731,0,DL8.5,3600,0
monk1_enc,93,4,1,1,0,DL8.5,3600,138
monk1_enc,93,4,1,1,0,DL8.5,3600,15
monk1_enc,93,4,1,1,0,DL8.5,3600,89
monk1_enc,93,4,1,1,0,DL8.5,3600,42
monk1_enc,93,4,1,1,0,DL8.5,3600,0
monk1_enc,93,5,0.903225806,1,0,DL8.5,3600,138
monk1_enc,93,5,0.935483871,1,0,DL8.5,3600,15
monk1_enc,93,5,0.935483871,1,0,DL8.5,3600,89
monk1_enc,93,5,0.967741935,1,0,DL8.5,3600,42
monk1_enc,93,5,0.870967742,1,0,DL8.5,3600,0
monk2_enc,126,2,0.651162791,0.666667,0,DL8.5,3600,138
monk2_enc,126,2,0.581395349,0.650794,0,DL8.5,3600,15
monk2_enc,126,2,0.604651163,0.68254,0.01,DL8.5,3600,89
monk2_enc,126,2,0.441860465,0.690476,0,DL8.5,3600,42
monk2_enc,126,2,0.441860465,0.68254,0,DL8.5,3600,0
monk2_enc,126,3,0.697674419,0.746032,0.02,DL8.5,3600,138
monk2_enc,126,3,0.674418605,0.769841,0.01,DL8.5,3600,15
monk2_enc,126,3,0.744186047,0.761905,0.02,DL8.5,3600,89
monk2_enc,126,3,0.697674419,0.769841,0.01,DL8.5,3600,42
monk2_enc,126,3,0.627906977,0.769841,0.01,DL8.5,3600,0
monk2_enc,126,4,0.558139535,0.84127,0.06,DL8.5,3600,138
monk2_enc,126,4,0.651162791,0.849206,0.06,DL8.5,3600,15
monk2_enc,126,4,0.651162791,0.849206,0.06,DL8.5,3600,89
monk2_enc,126,4,0.604651163,0.849206,0.06,DL8.5,3600,42
monk2_enc,126,4,0.581395349,0.857143,0.05,DL8.5,3600,0
monk2_enc,126,5,0.604651163,0.936508,0.16,DL8.5,3600,138
monk2_enc,126,5,0.674418605,0.944444,0.18,DL8.5,3600,15
monk2_enc,126,5,0.581395349,0.952381,0.15,DL8.5,3600,89
monk2_enc,126,5,0.581395349,0.97619,0.14,DL8.5,3600,42
monk2_enc,126,5,0.674418605,0.968254,0.13,DL8.5,3600,0
hayes-roth_enc,99,2,0.515151515,0.636364,0,DL8.5,3600,138
hayes-roth_enc,99,2,0.545454545,0.626263,0,DL8.5,3600,15
hayes-roth_enc,99,2,0.363636364,0.646465,0,DL8.5,3600,89
hayes-roth_enc,99,2,0.515151515,0.636364,0,DL8.5,3600,42
hayes-roth_enc,99,2,0.484848485,0.646465,0,DL8.5,3600,0
hayes-roth_enc,99,3,0.606060606,0.787879,0.02,DL8.5,3600,138
hayes-roth_enc,99,3,0.636363636,0.767677,0.01,DL8.5,3600,15
hayes-roth_enc,99,3,0.515151515,0.808081,0.02,DL8.5,3600,89
hayes-roth_enc,99,3,0.575757576,0.79798,0.01,DL8.5,3600,42
hayes-roth_enc,99,3,0.636363636,0.777778,0,DL8.5,3600,0
hayes-roth_enc,99,4,0.696969697,0.878788,0.04,DL8.5,3600,138
hayes-roth_enc,99,4,0.757575758,0.868687,0.03,DL8.5,3600,15
hayes-roth_enc,99,4,0.636363636,0.89899,0.02,DL8.5,3600,89
hayes-roth_enc,99,4,0.666666667,0.888889,0.03,DL8.5,3600,42
hayes-roth_enc,99,4,0.757575758,0.868687,0.04,DL8.5,3600,0
hayes-roth_enc,99,5,0.666666667,0.929293,0.13,DL8.5,3600,138
hayes-roth_enc,99,5,0.666666667,0.929293,0.16,DL8.5,3600,15
hayes-roth_enc,99,5,0.606060606,0.949495,0.11,DL8.5,3600,89
hayes-roth_enc,99,5,0.575757576,0.939394,0.14,DL8.5,3600,42
hayes-roth_enc,99,5,0.787878788,0.909091,0.16,DL8.5,3600,0
house-votes-84_enc,174,2,0.948275862,0.977011,0,DL8.5,3600,138
house-votes-84_enc,174,2,0.965517241,0.971264,0,DL8.5,3600,15
house-votes-84_enc,174,2,0.982758621,0.965517,0,DL8.5,3600,89
house-votes-84_enc,174,2,0.982758621,0.965517,0,DL8.5,3600,42
house-votes-84_enc,174,2,0.896551724,0.982759,0,DL8.5,3600,0
house-votes-84_enc,174,3,0.931034483,0.988506,0.02,DL8.5,3600,138
house-votes-84_enc,174,3,0.948275862,0.982759,0.01,DL8.5,3600,15
house-votes-84_enc,174,3,0.948275862,0.977011,0.02,DL8.5,3600,89
house-votes-84_enc,174,3,0.965517241,0.977011,0,DL8.5,3600,42
house-votes-84_enc,174,3,0.913793103,0.988506,0,DL8.5,3600,0
house-votes-84_enc,174,4,0.913793103,0.994253,0.03,DL8.5,3600,138
house-votes-84_enc,174,4,0.965517241,1,0.01,DL8.5,3600,15
house-votes-84_enc,174,4,0.965517241,0.994253,0.03,DL8.5,3600,89
house-votes-84_enc,174,4,0.965517241,1,0.02,DL8.5,3600,42
house-votes-84_enc,174,4,0.913793103,1,0,DL8.5,3600,0
house-votes-84_enc,174,5,0.931034483,1,0,DL8.5,3600,138
house-votes-84_enc,174,5,0.948275862,1,0,DL8.5,3600,15
house-votes-84_enc,174,5,0.948275862,1,0,DL8.5,3600,89
house-votes-84_enc,174,5,0.948275862,1,0,DL8.5,3600,42
house-votes-84_enc,174,5,0.965517241,1,0,DL8.5,3600,0
spect_enc,200,2,0.820895522,0.785,0,DL8.5,3600,138
spect_enc,200,2,0.895522388,0.76,0.01,DL8.5,3600,15
spect_enc,200,2,0.805970149,0.79,0,DL8.5,3600,89
spect_enc,200,2,0.656716418,0.82,0,DL8.5,3600,42
spect_enc,200,2,0.835820896,0.78,0,DL8.5,3600,0
spect_enc,200,3,0.776119403,0.83,0.02,DL8.5,3600,138
spect_enc,200,3,0.850746269,0.805,0.02,DL8.5,3600,15
spect_enc,200,3,0.791044776,0.825,0.02,DL8.5,3600,89
spect_enc,200,3,0.626865672,0.865,0.02,DL8.5,3600,42
spect_enc,200,3,0.791044776,0.825,0.03,DL8.5,3600,0
spect_enc,200,4,0.746268657,0.88,0.1,DL8.5,3600,138
spect_enc,200,4,0.865671642,0.86,0.19,DL8.5,3600,15
spect_enc,200,4,0.746268657,0.88,0.14,DL8.5,3600,89
spect_enc,200,4,0.626865672,0.905,0.16,DL8.5,3600,42
spect_enc,200,4,0.731343284,0.88,0.14,DL8.5,3600,0
spect_enc,200,5,0.701492537,0.91,0.62,DL8.5,3600,138
spect_enc,200,5,0.746268657,0.895,1,DL8.5,3600,15
spect_enc,200,5,0.791044776,0.925,0.56,DL8.5,3600,89
spect_enc,200,5,0.686567164,0.94,0.76,DL8.5,3600,42
spect_enc,200,5,0.776119403,0.92,0.68,DL8.5,3600,0
breast-cancer_enc,207,2,0.728571429,0.78744,0,DL8.5,3600,138
breast-cancer_enc,207,2,0.671428571,0.797101,0,DL8.5,3600,15
breast-cancer_enc,207,2,0.671428571,0.801932,0,DL8.5,3600,89
breast-cancer_enc,207,2,0.728571429,0.792271,0.01,DL8.5,3600,42
breast-cancer_enc,207,2,0.685714286,0.797101,0.01,DL8.5,3600,0
breast-cancer_enc,207,3,0.628571429,0.826087,0.09,DL8.5,3600,138
breast-cancer_enc,207,3,0.614285714,0.835749,0.1,DL8.5,3600,15
breast-cancer_enc,207,3,0.642857143,0.835749,0.1,DL8.5,3600,89
breast-cancer_enc,207,3,0.685714286,0.830918,0.08,DL8.5,3600,42
breast-cancer_enc,207,3,0.7,0.830918,0.08,DL8.5,3600,0
breast-cancer_enc,207,4,0.728571429,0.874396,1.36,DL8.5,3600,138
breast-cancer_enc,207,4,0.657142857,0.884058,1.34,DL8.5,3600,15
breast-cancer_enc,207,4,0.685714286,0.879227,1.35,DL8.5,3600,89
breast-cancer_enc,207,4,0.742857143,0.884058,1.38,DL8.5,3600,42
breast-cancer_enc,207,4,0.757142857,0.888889,1.36,DL8.5,3600,0
breast-cancer_enc,207,5,0.657142857,0.937198,13.15,DL8.5,3600,138
breast-cancer_enc,207,5,0.657142857,0.942029,12.59,DL8.5,3600,15
breast-cancer_enc,207,5,0.671428571,0.937198,12.66,DL8.5,3600,89
breast-cancer_enc,207,5,0.714285714,0.942029,12.8,DL8.5,3600,42
breast-cancer_enc,207,5,0.714285714,0.94686,12.49,DL8.5,3600,0
balance-scale_enc,468,2,0.624203822,0.700855,0,DL8.5,3600,138
balance-scale_enc,468,2,0.649681529,0.692308,0,DL8.5,3600,15
balance-scale_enc,468,2,0.694267516,0.67735,0.01,DL8.5,3600,89
balance-scale_enc,468,2,0.643312102,0.694444,0,DL8.5,3600,42
balance-scale_enc,468,2,0.668789809,0.685897,0.01,DL8.5,3600,0
balance-scale_enc,468,3,0.694267516,0.754274,0.04,DL8.5,3600,138
balance-scale_enc,468,3,0.675159236,0.75641,0.02,DL8.5,3600,15
balance-scale_enc,468,3,0.732484076,0.741453,0.03,DL8.5,3600,89
balance-scale_enc,468,3,0.700636943,0.752137,0.02,DL8.5,3600,42
balance-scale_enc,468,3,0.719745223,0.741453,0.01,DL8.5,3600,0
balance-scale_enc,468,4,0.687898089,0.805556,0.2,DL8.5,3600,138
balance-scale_enc,468,4,0.694267516,0.803419,0.19,DL8.5,3600,15
balance-scale_enc,468,4,0.72611465,0.788462,0.21,DL8.5,3600,89
balance-scale_enc,468,4,0.719745223,0.799145,0.2,DL8.5,3600,42
balance-scale_enc,468,4,0.738853503,0.788462,0.2,DL8.5,3600,0
balance-scale_enc,468,5,0.719745223,0.84188,1.31,DL8.5,3600,138
balance-scale_enc,468,5,0.707006369,0.848291,1.25,DL8.5,3600,15
balance-scale_enc,468,5,0.757961783,0.83547,1.31,DL8.5,3600,89
balance-scale_enc,468,5,0.694267516,0.839744,1.34,DL8.5,3600,42
balance-scale_enc,468,5,0.732484076,0.831197,1.33,DL8.5,3600,0
tic-tac-toe_enc,718,2,0.704166667,0.706128,0.01,DL8.5,3600,138
tic-tac-toe_enc,718,2,0.679166667,0.714485,0,DL8.5,3600,15
tic-tac-toe_enc,718,2,0.641666667,0.707521,0,DL8.5,3600,89
tic-tac-toe_enc,718,2,0.670833333,0.711699,0.01,DL8.5,3600,42
tic-tac-toe_enc,718,2,0.658333333,0.721448,0.01,DL8.5,3600,0
tic-tac-toe_enc,718,3,0.716666667,0.788301,0.06,DL8.5,3600,138
tic-tac-toe_enc,718,3,0.708333333,0.791086,0.07,DL8.5,3600,15
tic-tac-toe_enc,718,3,0.741666667,0.784123,0.08,DL8.5,3600,89
tic-tac-toe_enc,718,3,0.733333333,0.785515,0.06,DL8.5,3600,42
tic-tac-toe_enc,718,3,0.7375,0.786908,0.07,DL8.5,3600,0
tic-tac-toe_enc,718,4,0.825,0.864903,0.96,DL8.5,3600,138
tic-tac-toe_enc,718,4,0.791666667,0.874652,0.96,DL8.5,3600,15
tic-tac-toe_enc,718,4,0.825,0.866295,0.95,DL8.5,3600,89
tic-tac-toe_enc,718,4,0.825,0.864903,0.97,DL8.5,3600,42
tic-tac-toe_enc,718,4,0.808333333,0.871866,0.96,DL8.5,3600,0
tic-tac-toe_enc,718,5,0.891666667,0.942897,7.14,DL8.5,3600,138
tic-tac-toe_enc,718,5,0.879166667,0.948468,6.68,DL8.5,3600,15
tic-tac-toe_enc,718,5,0.883333333,0.948468,7.02,DL8.5,3600,89
tic-tac-toe_enc,718,5,0.858333333,0.942897,7.3,DL8.5,3600,42
tic-tac-toe_enc,718,5,0.8375,0.948468,6.98,DL8.5,3600,0
car_evaluation_enc,1296,2,0.780092593,0.777006,0,DL8.5,3600,138
car_evaluation_enc,1296,2,0.773148148,0.779321,0,DL8.5,3600,15
car_evaluation_enc,1296,2,0.791666667,0.773148,0,DL8.5,3600,89
car_evaluation_enc,1296,2,0.793981481,0.772377,0,DL8.5,3600,42
car_evaluation_enc,1296,2,0.756944444,0.784722,0.01,DL8.5,3600,0
car_evaluation_enc,1296,3,0.782407407,0.813272,0.03,DL8.5,3600,138
car_evaluation_enc,1296,3,0.793981481,0.809414,0.02,DL8.5,3600,15
car_evaluation_enc,1296,3,0.800925926,0.807099,0.04,DL8.5,3600,89
car_evaluation_enc,1296,3,0.80787037,0.804784,0.03,DL8.5,3600,42
car_evaluation_enc,1296,3,0.780092593,0.814043,0.04,DL8.5,3600,0
car_evaluation_enc,1296,4,0.81712963,0.838735,0.3,DL8.5,3600,138
car_evaluation_enc,1296,4,0.826388889,0.835648,0.29,DL8.5,3600,15
car_evaluation_enc,1296,4,0.828703704,0.834877,0.3,DL8.5,3600,89
car_evaluation_enc,1296,4,0.837962963,0.83179,0.3,DL8.5,3600,42
car_evaluation_enc,1296,4,0.810185185,0.841049,0.31,DL8.5,3600,0
car_evaluation_enc,1296,5,0.863425926,0.881944,1.79,DL8.5,3600,138
car_evaluation_enc,1296,5,0.884259259,0.875,1.88,DL8.5,3600,15
car_evaluation_enc,1296,5,0.863425926,0.881944,1.8,DL8.5,3600,89
car_evaluation_enc,1296,5,0.872685185,0.878858,1.83,DL8.5,3600,42
car_evaluation_enc,1296,5,0.865740741,0.880401,1.85,DL8.5,3600,0
kr-vs-kp_enc,2397,2,0.879849812,0.865665,0.01,DL8.5,3600,138
kr-vs-kp_enc,2397,2,0.863579474,0.871089,0.02,DL8.5,3600,15
kr-vs-kp_enc,2397,2,0.868585732,0.86942,0.01,DL8.5,3600,89
kr-vs-kp_enc,2397,2,0.877346683,0.8665,0.01,DL8.5,3600,42
kr-vs-kp_enc,2397,2,0.868585732,0.86942,0.01,DL8.5,3600,0
kr-vs-kp_enc,2397,3,0.936170213,0.938673,0.23,DL8.5,3600,138
kr-vs-kp_enc,2397,3,0.943679599,0.93617,0.24,DL8.5,3600,15
kr-vs-kp_enc,2397,3,0.931163955,0.939925,0.24,DL8.5,3600,89
kr-vs-kp_enc,2397,3,0.928660826,0.940759,0.25,DL8.5,3600,42
kr-vs-kp_enc,2397,3,0.937421777,0.938256,0.23,DL8.5,3600,0
kr-vs-kp_enc,2397,4,0.95494368,0.954944,5.86,DL8.5,3600,138
kr-vs-kp_enc,2397,4,0.95494368,0.952858,5.92,DL8.5,3600,15
kr-vs-kp_enc,2397,4,0.957446809,0.954109,5.81,DL8.5,3600,89
kr-vs-kp_enc,2397,4,0.944931164,0.958281,5.53,DL8.5,3600,42
kr-vs-kp_enc,2397,4,0.952440551,0.953692,5.9,DL8.5,3600,0
kr-vs-kp_enc,2397,5,0.964956195,0.975803,78.849998,DL8.5,3600,138
kr-vs-kp_enc,2397,5,0.971214018,0.975386,77.330002,DL8.5,3600,15
kr-vs-kp_enc,2397,5,0.971214018,0.974134,79.839996,DL8.5,3600,89
kr-vs-kp_enc,2397,5,0.949937422,0.979558,68.550003,DL8.5,3600,42
kr-vs-kp_enc,2397,5,0.968710889,0.974134,78.139999,DL8.5,3600,0
fico_binary_enc,7844,2,0.701720841,0.714559,0,DL8.5,3600,138
fico_binary_enc,7844,2,0.710898662,0.711499,0.02,DL8.5,3600,15
fico_binary_enc,7844,2,0.715869981,0.709842,0.01,DL8.5,3600,89
fico_binary_enc,7844,2,0.695984704,0.716471,0.01,DL8.5,3600,42
fico_binary_enc,7844,2,0.717017208,0.709459,0,DL8.5,3600,0
fico_binary_enc,7844,3,0.707456979,0.720168,0.07,DL8.5,3600,138
fico_binary_enc,7844,3,0.712428298,0.718383,0.08,DL8.5,3600,15
fico_binary_enc,7844,3,0.717399618,0.716471,0.07,DL8.5,3600,89
fico_binary_enc,7844,3,0.699426386,0.722591,0.07,DL8.5,3600,42
fico_binary_enc,7844,3,0.720458891,0.715834,0.07,DL8.5,3600,0
fico_binary_enc,7844,4,0.709369025,0.726925,0.67,DL8.5,3600,138
fico_binary_enc,7844,4,0.709369025,0.72463,0.68,DL8.5,3600,15
fico_binary_enc,7844,4,0.721988528,0.72361,0.69,DL8.5,3600,89
fico_binary_enc,7844,4,0.700191205,0.72973,0.69,DL8.5,3600,42
fico_binary_enc,7844,4,0.722370937,0.721826,0.7,DL8.5,3600,0
fico_binary_enc,7844,5,0.709369025,0.733044,4.45,DL8.5,3600,138
fico_binary_enc,7844,5,0.715487572,0.733172,4.48,DL8.5,3600,15
fico_binary_enc,7844,5,0.719311663,0.731132,4.49,DL8.5,3600,89
fico_binary_enc,7844,5,0.694837476,0.737124,4.45,DL8.5,3600,42
fico_binary_enc,7844,5,0.721606119,0.730367,4.45,DL8.5,3600,0
soybean-small_enc,35,2,0.916666667,1,2.965643883,QuantBnB,3600,138
soybean-small_enc,35,2,1,1,0.058491945,QuantBnB,3600,15
soybean-small_enc,35,2,0.916666667,1,0.044573784,QuantBnB,3600,89
soybean-small_enc,35,2,0.916666667,1,0.038297892,QuantBnB,3600,42
soybean-small_enc,35,2,0.833333333,1,0.037278891,QuantBnB,3600,0
monk1_enc,93,2,0.774193548,0.838709677,0.008997917,QuantBnB,3600,138
monk1_enc,93,2,0.806451613,0.827956989,0.016219854,QuantBnB,3600,15
monk1_enc,93,2,0.64516129,0.88172043,0.008711815,QuantBnB,3600,89
monk1_enc,93,2,0.774193548,0.838709677,0.015987158,QuantBnB,3600,42
monk1_enc,93,2,0.741935484,0.827956989,0.009413958,QuantBnB,3600,0
monk2_enc,126,2,0.488372093,0.658730159,0.017538071,QuantBnB,3600,138
monk2_enc,126,2,0.604651163,0.682539683,0.010631084,QuantBnB,3600,15
monk2_enc,126,2,0.604651163,0.682539683,0.010669947,QuantBnB,3600,89
monk2_enc,126,2,0.581395349,0.674603175,0.009335995,QuantBnB,3600,42
monk2_enc,126,2,0.465116279,0.682539683,0.010360956,QuantBnB,3600,0
monk3_enc,91,2,0.935483871,0.934065934,0.008799076,QuantBnB,3600,138
monk3_enc,91,2,0.935483871,0.934065934,0.008481026,QuantBnB,3600,15
monk3_enc,91,2,0.967741935,0.923076923,0.008827925,QuantBnB,3600,89
monk3_enc,91,2,0.903225806,0.945054945,0.008893967,QuantBnB,3600,42
monk3_enc,91,2,0.935483871,0.934065934,0.016350031,QuantBnB,3600,0
hayes-roth_enc,99,2,0.515151515,0.636363636,0.009279966,QuantBnB,3600,138
hayes-roth_enc,99,2,0.454545455,0.656565657,0.009233952,QuantBnB,3600,15
hayes-roth_enc,99,2,0.545454545,0.626262626,0.017185926,QuantBnB,3600,89
hayes-roth_enc,99,2,0.515151515,0.636363636,0.009098053,QuantBnB,3600,42
hayes-roth_enc,99,2,0.515151515,0.636363636,0.009309053,QuantBnB,3600,0
breast-cancer_enc,207,2,0.728571429,0.782608696,0.121686935,QuantBnB,3600,138
breast-cancer_enc,207,2,0.642857143,0.811594203,0.115539074,QuantBnB,3600,15
breast-cancer_enc,207,2,0.7,0.792270531,0.105854034,QuantBnB,3600,89
breast-cancer_enc,207,2,0.671428571,0.811594203,0.103382826,QuantBnB,3600,42
breast-cancer_enc,207,2,0.657142857,0.777777778,0.098803043,QuantBnB,3600,0
balance-scale_enc,468,2,0.675159236,0.683760684,0.056441069,QuantBnB,3600,138
balance-scale_enc,468,2,0.662420382,0.688034188,0.035257816,QuantBnB,3600,15
balance-scale_enc,468,2,0.643312102,0.694444444,0.038251162,QuantBnB,3600,89
balance-scale_enc,468,2,0.636942675,0.696581197,0.034734964,QuantBnB,3600,42
balance-scale_enc,468,2,0.668789809,0.685897436,0.03857398,QuantBnB,3600,0
tic-tac-toe_enc,718,2,0.645833333,0.718662953,3.053823948,QuantBnB,3600,138
tic-tac-toe_enc,718,2,0.65,0.72005571,0.103734016,QuantBnB,3600,15
tic-tac-toe_enc,718,2,0.6875,0.711699164,0.087451935,QuantBnB,3600,89
tic-tac-toe_enc,718,2,0.666666667,0.718662953,0.078640938,QuantBnB,3600,42
tic-tac-toe_enc,718,2,0.633333333,0.722841226,0.084388018,QuantBnB,3600,0
car_evaluation_enc,1296,2,0.766203704,0.781635802,0.079278946,QuantBnB,3600,138
car_evaluation_enc,1296,2,0.819444444,0.763888889,0.077152967,QuantBnB,3600,15
car_evaluation_enc,1296,2,0.75,0.787037037,0.072692871,QuantBnB,3600,89
car_evaluation_enc,1296,2,0.766203704,0.781635802,0.072055817,QuantBnB,3600,42
car_evaluation_enc,1296,2,0.773148148,0.779320988,0.076133013,QuantBnB,3600,0
kr-vs-kp_enc,2397,2,0.878598248,0.866082603,0.411514044,QuantBnB,3600,138
kr-vs-kp_enc,2397,2,0.856070088,0.87359199,0.430737972,QuantBnB,3600,15
kr-vs-kp_enc,2397,2,0.882352941,0.864831039,0.431708097,QuantBnB,3600,89
kr-vs-kp_enc,2397,2,0.853566959,0.874426366,0.424201012,QuantBnB,3600,42
kr-vs-kp_enc,2397,2,0.861076345,0.871923237,0.440191031,QuantBnB,3600,0
fico_binary_enc,7844,2,0.70707457,0.712774095,0.547455072,QuantBnB,3600,138
fico_binary_enc,7844,2,0.713575526,0.710606833,0.24395299,QuantBnB,3600,15
fico_binary_enc,7844,2,0.696749522,0.713539011,0.240697145,QuantBnB,3600,89
fico_binary_enc,7844,2,0.696367113,0.716343702,0.243532896,QuantBnB,3600,42
fico_binary_enc,7844,2,0.708604207,0.712264151,0.243446827,QuantBnB,3600,0
monk1_enc,93,3,0.870967742,0.935483871,3.736296892,QuantBnB,3600,138
monk1_enc,93,3,0.870967742,0.924731183,0.068949938,QuantBnB,3600,15
monk1_enc,93,3,0.677419355,0.956989247,0.059144974,QuantBnB,3600,89
monk1_enc,93,3,0.838709677,0.935483871,0.064228058,QuantBnB,3600,42
monk1_enc,93,3,0.903225806,0.913978495,0.059393167,QuantBnB,3600,0
monk2_enc,126,3,0.604651163,0.753968254,0.080126047,QuantBnB,3600,138
monk2_enc,126,3,0.651162791,0.793650794,0.079082966,QuantBnB,3600,15
monk2_enc,126,3,0.651162791,0.793650794,0.072339058,QuantBnB,3600,89
monk2_enc,126,3,0.76744186,0.753968254,0.071587086,QuantBnB,3600,42
monk2_enc,126,3,0.651162791,0.761904762,0.088759899,QuantBnB,3600,0
monk3_enc,91,3,0.903225806,0.956043956,0.054615974,QuantBnB,3600,138
monk3_enc,91,3,0.935483871,0.945054945,0.054280996,QuantBnB,3600,15
monk3_enc,91,3,0.935483871,0.945054945,0.053374052,QuantBnB,3600,89
monk3_enc,91,3,0.870967742,0.978021978,0.059623003,QuantBnB,3600,42
monk3_enc,91,3,0.935483871,0.956043956,0.063196898,QuantBnB,3600,0
hayes-roth_enc,99,3,0.606060606,0.787878788,0.090797901,QuantBnB,3600,138
hayes-roth_enc,99,3,0.575757576,0.787878788,0.078937054,QuantBnB,3600,15
hayes-roth_enc,99,3,0.636363636,0.767676768,0.069792032,QuantBnB,3600,89
hayes-roth_enc,99,3,0.636363636,0.777777778,0.079115152,QuantBnB,3600,42
hayes-roth_enc,99,3,0.666666667,0.767676768,0.069084883,QuantBnB,3600,0
breast-cancer_enc,207,3,0.685714286,0.826086957,1.507122993,QuantBnB,3600,138
breast-cancer_enc,207,3,0.642857143,0.845410628,1.483026981,QuantBnB,3600,15
breast-cancer_enc,207,3,0.7,0.830917874,1.274580002,QuantBnB,3600,89
breast-cancer_enc,207,3,0.628571429,0.84057971,1.394333839,QuantBnB,3600,42
breast-cancer_enc,207,3,0.728571429,0.826086957,1.286107063,QuantBnB,3600,0
balance-scale_enc,468,3,0.74522293,0.737179487,0.422021151,QuantBnB,3600,138
balance-scale_enc,468,3,0.732484076,0.741452991,0.424179077,QuantBnB,3600,15
balance-scale_enc,468,3,0.694267516,0.745726496,0.419409037,QuantBnB,3600,89
balance-scale_enc,468,3,0.681528662,0.758547009,0.431019068,QuantBnB,3600,42
balance-scale_enc,468,3,0.713375796,0.747863248,0.420364141,QuantBnB,3600,0
tic-tac-toe_enc,718,3,0.708333333,0.795264624,1.255761862,QuantBnB,3600,138
tic-tac-toe_enc,718,3,0.708333333,0.795264624,1.280729055,QuantBnB,3600,15
tic-tac-toe_enc,718,3,0.708333333,0.796657382,1.246250868,QuantBnB,3600,89
tic-tac-toe_enc,718,3,0.695833333,0.795264624,1.271458149,QuantBnB,3600,42
tic-tac-toe_enc,718,3,0.691666667,0.796657382,1.066592932,QuantBnB,3600,0
car_evaluation_enc,1296,3,0.791666667,0.810185185,0.756147146,QuantBnB,3600,138
car_evaluation_enc,1296,3,0.824074074,0.799382716,0.685189962,QuantBnB,3600,15
car_evaluation_enc,1296,3,0.782407407,0.813271605,0.668879032,QuantBnB,3600,89
car_evaluation_enc,1296,3,0.780092593,0.81404321,0.674218893,QuantBnB,3600,42
car_evaluation_enc,1296,3,0.80787037,0.804783951,0.669632912,QuantBnB,3600,0
kr-vs-kp_enc,2397,3,0.943679599,0.935753025,6.317410946,QuantBnB,3600,138
kr-vs-kp_enc,2397,3,0.937421777,0.938256154,6.727782965,QuantBnB,3600,15
kr-vs-kp_enc,2397,3,0.939924906,0.937004589,6.85757494,QuantBnB,3600,89
kr-vs-kp_enc,2397,3,0.934918648,0.93909053,6.992043018,QuantBnB,3600,42
kr-vs-kp_enc,2397,3,0.939924906,0.937421777,6.679081917,QuantBnB,3600,0
fico_binary_enc,7844,3,0.712428298,0.71863845,2.04366684,QuantBnB,3600,138
fico_binary_enc,7844,3,0.716634799,0.716471188,2.029036999,QuantBnB,3600,15
fico_binary_enc,7844,3,0.706309751,0.719785824,2.02553606,QuantBnB,3600,89
fico_binary_enc,7844,3,0.700191205,0.721953085,2.01272893,QuantBnB,3600,42
fico_binary_enc,7844,3,0.712428298,0.717746048,2.04397893,QuantBnB,3600,0
monk3_enc,91,2,0.387096774,0.406593407,0.011356739,GOSDT+g,3600,138
monk3_enc,91,2,0.451612903,0.527472527,0.010820631,GOSDT+g,3600,15
monk3_enc,91,2,0.516129032,0.505494505,0.010426143,GOSDT+g,3600,89
monk3_enc,91,2,0.548387097,0.494505495,0.010415771,GOSDT+g,3600,42
monk3_enc,91,2,0.483870968,0.516483516,0.010502304,GOSDT+g,3600,0
monk3_enc,91,3,0.580645161,0.549450549,0.013935346,GOSDT+g,3600,138
monk3_enc,91,3,0.548387097,0.626373626,0.013298053,GOSDT+g,3600,15
monk3_enc,91,3,0.612903226,0.582417582,0.014142495,GOSDT+g,3600,89
monk3_enc,91,3,0.580645161,0.461538462,0.013617055,GOSDT+g,3600,42
monk3_enc,91,3,0.483870968,0.516483516,0.012054855,GOSDT+g,3600,0
monk3_enc,91,4,0.612903226,0.582417582,0.018036393,GOSDT+g,3600,138
monk3_enc,91,4,0.548387097,0.626373626,0.014982377,GOSDT+g,3600,15
monk3_enc,91,4,0.516129032,0.505494505,0.016690501,GOSDT+g,3600,89
monk3_enc,91,4,0.677419355,0.571428571,0.016413321,GOSDT+g,3600,42
monk3_enc,91,4,0.516129032,0.582417582,0.016083121,GOSDT+g,3600,0
monk3_enc,91,5,0.580645161,0.461538462,0.020801812,GOSDT+g,3600,138
monk3_enc,91,5,0.483870968,0.582417582,0.017683611,GOSDT+g,3600,15
monk3_enc,91,5,0.516129032,0.483516484,0.018572438,GOSDT+g,3600,89
monk3_enc,91,5,0.548387097,0.494505495,0.017737583,GOSDT+g,3600,42
monk3_enc,91,5,0.580645161,0.549450549,0.018272543,GOSDT+g,3600,0
monk1_enc,93,2,0.451612903,0.537634409,0.010938311,GOSDT+g,3600,138
monk1_enc,93,2,0.387096774,0.559139785,0.010910536,GOSDT+g,3600,15
monk1_enc,93,2,0.516129032,0.516129032,0.010828113,GOSDT+g,3600,89
monk1_enc,93,2,0.580645161,0.494623656,0.010953289,GOSDT+g,3600,42
monk1_enc,93,2,0.548387097,0.505376344,0.011232702,GOSDT+g,3600,0
monk1_enc,93,3,0.483870968,0.462365591,0.012790172,GOSDT+g,3600,138
monk1_enc,93,3,0.580645161,0.612903226,0.012436548,GOSDT+g,3600,15
monk1_enc,93,3,0.580645161,0.569892473,0.012897147,GOSDT+g,3600,89
monk1_enc,93,3,0.677419355,0.537634409,0.013371894,GOSDT+g,3600,42
monk1_enc,93,3,0.35483871,0.387096774,0.012127032,GOSDT+g,3600,0
monk1_enc,93,4,0.387096774,0.35483871,0.013133839,GOSDT+g,3600,138
monk1_enc,93,4,0.709677419,0.548387097,0.015613548,GOSDT+g,3600,15
monk1_enc,93,4,0.677419355,0.559139785,0.01466696,GOSDT+g,3600,89
monk1_enc,93,4,0.290322581,0.387096774,0.015035931,GOSDT+g,3600,42
monk1_enc,93,4,0.548387097,0.602150538,0.015422826,GOSDT+g,3600,0
monk1_enc,93,5,0.419354839,0.365591398,0.014920339,GOSDT+g,3600,138
monk1_enc,93,5,0.580645161,0.612903226,0.014086087,GOSDT+g,3600,15
monk1_enc,93,5,0.612903226,0.602150538,0.014093179,GOSDT+g,3600,89
monk1_enc,93,5,0.387096774,0.462365591,0.013969934,GOSDT+g,3600,42
monk1_enc,93,5,0.451612903,0.516129032,0.016847876,GOSDT+g,3600,0
monk2_enc,126,2,0.488372093,0.476190476,0.011512099,GOSDT+g,3600,138
monk2_enc,126,2,0.720930233,0.571428571,0.011711671,GOSDT+g,3600,15
monk2_enc,126,2,0.558139535,0.523809524,0.012003574,GOSDT+g,3600,89
monk2_enc,126,2,0.465116279,0.507936508,0.012291582,GOSDT+g,3600,42
monk2_enc,126,2,0.534883721,0.650793651,0.011415914,GOSDT+g,3600,0
monk2_enc,126,3,0.720930233,0.555555556,0.015439516,GOSDT+g,3600,138
monk2_enc,126,3,0.674418605,0.563492063,0.014328209,GOSDT+g,3600,15
monk2_enc,126,3,0.488372093,0.563492063,0.015849762,GOSDT+g,3600,89
monk2_enc,126,3,0.465116279,0.563492063,0.015119229,GOSDT+g,3600,42
monk2_enc,126,3,0.581395349,0.531746032,0.015806379,GOSDT+g,3600,0
monk2_enc,126,4,0.651162791,0.571428571,0.020970238,GOSDT+g,3600,138
monk2_enc,126,4,0.674418605,0.531746032,0.021663466,GOSDT+g,3600,15
monk2_enc,126,4,0.697674419,0.571428571,0.021924126,GOSDT+g,3600,89
monk2_enc,126,4,0.604651163,0.531746032,0.022031051,GOSDT+g,3600,42
monk2_enc,126,4,0.511627907,0.603174603,0.021163649,GOSDT+g,3600,0
monk2_enc,126,5,0.441860465,0.507936508,0.030012014,GOSDT+g,3600,138
monk2_enc,126,5,0.627906977,0.619047619,0.028507231,GOSDT+g,3600,15
monk2_enc,126,5,0.581395349,0.595238095,0.030117571,GOSDT+g,3600,89
monk2_enc,126,5,0.488372093,0.468253968,0.031306024,GOSDT+g,3600,42
monk2_enc,126,5,0.465116279,0.619047619,0.027261759,GOSDT+g,3600,0
hayes-roth_enc,99,2,0.272727273,0.232323232,0.041638015,GOSDT+g,3600,138
hayes-roth_enc,99,2,0.242424242,0.191919192,0.041566927,GOSDT+g,3600,15
hayes-roth_enc,99,2,0.242424242,0.222222222,0.041662275,GOSDT+g,3600,89
hayes-roth_enc,99,2,0.303030303,0.333333333,0.041556241,GOSDT+g,3600,42
hayes-roth_enc,99,2,0.212121212,0.303030303,0.040803946,GOSDT+g,3600,0
hayes-roth_enc,99,3,0.454545455,0.454545455,0.0528558,GOSDT+g,3600,138
hayes-roth_enc,99,3,0.303030303,0.353535354,0.052239018,GOSDT+g,3600,15
hayes-roth_enc,99,3,0.575757576,0.545454545,0.052834901,GOSDT+g,3600,89
hayes-roth_enc,99,3,0.242424242,0.303030303,0.052320459,GOSDT+g,3600,42
hayes-roth_enc,99,3,0.454545455,0.323232323,0.051408115,GOSDT+g,3600,0
hayes-roth_enc,99,4,0.303030303,0.464646465,0.067900387,GOSDT+g,3600,138
hayes-roth_enc,99,4,0.363636364,0.242424242,0.066854914,GOSDT+g,3600,15
hayes-roth_enc,99,4,0.303030303,0.363636364,0.067253197,GOSDT+g,3600,89
hayes-roth_enc,99,4,0.272727273,0.272727273,0.067036854,GOSDT+g,3600,42
hayes-roth_enc,99,4,0.272727273,0.292929293,0.065185387,GOSDT+g,3600,0
hayes-roth_enc,99,5,0.363636364,0.333333333,0.088675072,GOSDT+g,3600,138
hayes-roth_enc,99,5,0.363636364,0.242424242,0.086635539,GOSDT+g,3600,15
hayes-roth_enc,99,5,0.363636364,0.373737374,0.087564087,GOSDT+g,3600,89
hayes-roth_enc,99,5,0.212121212,0.282828283,0.08443472,GOSDT+g,3600,42
hayes-roth_enc,99,5,0.151515152,0.212121212,0.082373474,GOSDT+g,3600,0
house-votes-84_enc,174,2,0.655172414,0.689655172,0.011720758,GOSDT+g,3600,138
house-votes-84_enc,174,2,0.689655172,0.67816092,0.011296377,GOSDT+g,3600,15
house-votes-84_enc,174,2,0.413793103,0.511494253,0.011964122,GOSDT+g,3600,89
house-votes-84_enc,174,2,0.620689655,0.701149425,0.011168208,GOSDT+g,3600,42
house-votes-84_enc,174,2,0.74137931,0.66091954,0.011326672,GOSDT+g,3600,0
house-votes-84_enc,174,3,0.051724138,0.022988506,0.016618091,GOSDT+g,3600,138
house-votes-84_enc,174,3,0.689655172,0.67816092,0.013142979,GOSDT+g,3600,15
house-votes-84_enc,174,3,0.413793103,0.511494253,0.015445844,GOSDT+g,3600,89
house-votes-84_enc,174,3,0.517241379,0.477011494,0.0138342,GOSDT+g,3600,42
house-votes-84_enc,174,3,0.482758621,0.488505747,0.013018875,GOSDT+g,3600,0
house-votes-84_enc,174,4,0.879310345,0.83908046,0.018157038,GOSDT+g,3600,138
house-votes-84_enc,174,4,0.5,0.482758621,0.015395094,GOSDT+g,3600,15
house-votes-84_enc,174,4,0.844827586,0.850574713,0.018509449,GOSDT+g,3600,89
house-votes-84_enc,174,4,0.517241379,0.477011494,0.015058171,GOSDT+g,3600,42
house-votes-84_enc,174,4,0.913793103,0.827586207,0.014276607,GOSDT+g,3600,0
house-votes-84_enc,174,5,0.051724138,0.022988506,0.019255245,GOSDT+g,3600,138
house-votes-84_enc,174,5,0.879310345,0.83908046,0.016318213,GOSDT+g,3600,15
house-votes-84_enc,174,5,0.017241379,0.034482759,0.020386995,GOSDT+g,3600,89
house-votes-84_enc,174,5,0.517241379,0.477011494,0.015820096,GOSDT+g,3600,42
house-votes-84_enc,174,5,0.913793103,0.827586207,0.015517401,GOSDT+g,3600,0
spect_enc,200,2,0.820895522,0.785,0.012669698,GOSDT+g,3600,138
spect_enc,200,2,0.895522388,0.76,0.013563563,GOSDT+g,3600,15
spect_enc,200,2,0.805970149,0.79,0.013177959,GOSDT+g,3600,89
spect_enc,200,2,0.805970149,0.79,0.013752735,GOSDT+g,3600,42
spect_enc,200,2,0.835820896,0.78,0.013590724,GOSDT+g,3600,0
spect_enc,200,3,0.820895522,0.785,0.017699533,GOSDT+g,3600,138
spect_enc,200,3,0.895522388,0.76,0.018525322,GOSDT+g,3600,15
spect_enc,200,3,0.805970149,0.79,0.018560174,GOSDT+g,3600,89
spect_enc,200,3,0.805970149,0.79,0.017935442,GOSDT+g,3600,42
spect_enc,200,3,0.835820896,0.78,0.016967641,GOSDT+g,3600,0
spect_enc,200,4,0.820895522,0.785,0.02371004,GOSDT+g,3600,138
spect_enc,200,4,0.895522388,0.76,0.024096406,GOSDT+g,3600,15
spect_enc,200,4,0.805970149,0.79,0.024109119,GOSDT+g,3600,89
spect_enc,200,4,0.805970149,0.79,0.025230297,GOSDT+g,3600,42
spect_enc,200,4,0.835820896,0.78,0.025201707,GOSDT+g,3600,0
spect_enc,200,5,0.820895522,0.785,0.031217873,GOSDT+g,3600,138
spect_enc,200,5,0.895522388,0.76,0.03398369,GOSDT+g,3600,15
spect_enc,200,5,0.805970149,0.79,0.034781575,GOSDT+g,3600,89
spect_enc,200,5,0.805970149,0.79,0.035588319,GOSDT+g,3600,42
spect_enc,200,5,0.835820896,0.78,0.03605521,GOSDT+g,3600,0
breast-cancer_enc,207,2,0.685714286,0.714975845,0.013805795,GOSDT+g,3600,138
breast-cancer_enc,207,2,0.657142857,0.724637681,0.014160521,GOSDT+g,3600,15
breast-cancer_enc,207,2,0.714285714,0.70531401,0.013662694,GOSDT+g,3600,89
breast-cancer_enc,207,2,0.671428571,0.719806763,0.01376711,GOSDT+g,3600,42
breast-cancer_enc,207,2,0.657142857,0.724637681,0.013355585,GOSDT+g,3600,0
breast-cancer_enc,207,3,0.685714286,0.714975845,0.018772136,GOSDT+g,3600,138
breast-cancer_enc,207,3,0.657142857,0.724637681,0.019265601,GOSDT+g,3600,15
breast-cancer_enc,207,3,0.714285714,0.70531401,0.017725668,GOSDT+g,3600,89
breast-cancer_enc,207,3,0.671428571,0.719806763,0.019381847,GOSDT+g,3600,42
breast-cancer_enc,207,3,0.657142857,0.724637681,0.019550158,GOSDT+g,3600,0
breast-cancer_enc,207,4,0.685714286,0.714975845,0.025144433,GOSDT+g,3600,138
breast-cancer_enc,207,4,0.657142857,0.724637681,0.023879032,GOSDT+g,3600,15
breast-cancer_enc,207,4,0.714285714,0.70531401,0.025800534,GOSDT+g,3600,89
breast-cancer_enc,207,4,0.671428571,0.719806763,0.025388696,GOSDT+g,3600,42
breast-cancer_enc,207,4,0.657142857,0.724637681,0.025427663,GOSDT+g,3600,0
breast-cancer_enc,207,5,0.685714286,0.714975845,0.035008533,GOSDT+g,3600,138
breast-cancer_enc,207,5,0.657142857,0.724637681,0.036539127,GOSDT+g,3600,15
breast-cancer_enc,207,5,0.714285714,0.70531401,0.034780905,GOSDT+g,3600,89
breast-cancer_enc,207,5,0.671428571,0.719806763,0.035658691,GOSDT+g,3600,42
breast-cancer_enc,207,5,0.657142857,0.724637681,0.035653284,GOSDT+g,3600,0
balance-scale_enc,468,2,0.401273885,0.480769231,0.057183317,GOSDT+g,3600,138
balance-scale_enc,468,2,0.445859873,0.465811966,0.056045027,GOSDT+g,3600,15
balance-scale_enc,468,2,0.452229299,0.463675214,0.05528302,GOSDT+g,3600,89
balance-scale_enc,468,2,0.420382166,0.474358974,0.054795977,GOSDT+g,3600,42
balance-scale_enc,468,2,0.439490446,0.467948718,0.055532448,GOSDT+g,3600,0
balance-scale_enc,468,3,0.401273885,0.480769231,0.076430182,GOSDT+g,3600,138
balance-scale_enc,468,3,0.445859873,0.465811966,0.076393556,GOSDT+g,3600,15
balance-scale_enc,468,3,0.452229299,0.463675214,0.075371599,GOSDT+g,3600,89
balance-scale_enc,468,3,0.420382166,0.474358974,0.072729124,GOSDT+g,3600,42
balance-scale_enc,468,3,0.439490446,0.467948718,0.070134951,GOSDT+g,3600,0
balance-scale_enc,468,4,0.401273885,0.480769231,0.09791176,GOSDT+g,3600,138
balance-scale_enc,468,4,0.445859873,0.465811966,0.103245592,GOSDT+g,3600,15
balance-scale_enc,468,4,0.452229299,0.463675214,0.103084489,GOSDT+g,3600,89
balance-scale_enc,468,4,0.420382166,0.474358974,0.103537423,GOSDT+g,3600,42
balance-scale_enc,468,4,0.439490446,0.467948718,0.104552445,GOSDT+g,3600,0
balance-scale_enc,468,5,0.401273885,0.480769231,0.135692727,GOSDT+g,3600,138
balance-scale_enc,468,5,0.445859873,0.465811966,0.141090293,GOSDT+g,3600,15
balance-scale_enc,468,5,0.452229299,0.463675214,0.139773822,GOSDT+g,3600,89
balance-scale_enc,468,5,0.420382166,0.474358974,0.138411499,GOSDT+g,3600,42
balance-scale_enc,468,5,0.439490446,0.467948718,0.140083047,GOSDT+g,3600,0
tic-tac-toe_enc,718,2,0.679166667,0.644846797,0.020793231,GOSDT+g,3600,138
tic-tac-toe_enc,718,2,0.658333333,0.651810585,0.021633389,GOSDT+g,3600,15
tic-tac-toe_enc,718,2,0.658333333,0.651810585,0.021066803,GOSDT+g,3600,89
tic-tac-toe_enc,718,2,0.6875,0.642061281,0.021001714,GOSDT+g,3600,42
tic-tac-toe_enc,718,2,0.641666667,0.657381616,0.022555928,GOSDT+g,3600,0
tic-tac-toe_enc,718,3,0.679166667,0.644846797,0.032225715,GOSDT+g,3600,138
tic-tac-toe_enc,718,3,0.658333333,0.651810585,0.030946076,GOSDT+g,3600,15
tic-tac-toe_enc,718,3,0.658333333,0.651810585,0.026406894,GOSDT+g,3600,89
tic-tac-toe_enc,718,3,0.6875,0.642061281,0.032264092,GOSDT+g,3600,42
tic-tac-toe_enc,718,3,0.641666667,0.657381616,0.032398704,GOSDT+g,3600,0
tic-tac-toe_enc,718,4,0.679166667,0.644846797,0.039974078,GOSDT+g,3600,138
tic-tac-toe_enc,718,4,0.658333333,0.651810585,0.045668369,GOSDT+g,3600,15
tic-tac-toe_enc,718,4,0.658333333,0.651810585,0.04516095,GOSDT+g,3600,89
tic-tac-toe_enc,718,4,0.6875,0.642061281,0.042751569,GOSDT+g,3600,42
tic-tac-toe_enc,718,4,0.641666667,0.657381616,0.044519848,GOSDT+g,3600,0
tic-tac-toe_enc,718,5,0.679166667,0.644846797,0.057307323,GOSDT+g,3600,138
tic-tac-toe_enc,718,5,0.658333333,0.651810585,0.054292529,GOSDT+g,3600,15
tic-tac-toe_enc,718,5,0.658333333,0.651810585,0.060044698,GOSDT+g,3600,89
tic-tac-toe_enc,718,5,0.6875,0.642061281,0.053653818,GOSDT+g,3600,42
tic-tac-toe_enc,718,5,0.641666667,0.657381616,0.050968571,GOSDT+g,3600,0
car_evaluation_enc,1296,2,0.685185185,0.705246914,0.125885786,GOSDT+g,3600,138
car_evaluation_enc,1296,2,0.701388889,0.699845679,0.122791464,GOSDT+g,3600,15
car_evaluation_enc,1296,2,0.696759259,0.701388889,0.123321693,GOSDT+g,3600,89
car_evaluation_enc,1296,2,0.680555556,0.706790123,0.120501793,GOSDT+g,3600,42
car_evaluation_enc,1296,2,0.685185185,0.705246914,0.119452116,GOSDT+g,3600,0
car_evaluation_enc,1296,3,0.685185185,0.705246914,0.166414276,GOSDT+g,3600,138
car_evaluation_enc,1296,3,0.701388889,0.699845679,0.170479278,GOSDT+g,3600,15
car_evaluation_enc,1296,3,0.696759259,0.701388889,0.170700123,GOSDT+g,3600,89
car_evaluation_enc,1296,3,0.680555556,0.706790123,0.165625688,GOSDT+g,3600,42
car_evaluation_enc,1296,3,0.685185185,0.705246914,0.168421741,GOSDT+g,3600,0
car_evaluation_enc,1296,4,0.685185185,0.705246914,0.217666617,GOSDT+g,3600,138
car_evaluation_enc,1296,4,0.701388889,0.699845679,0.227731043,GOSDT+g,3600,15
car_evaluation_enc,1296,4,0.696759259,0.701388889,0.221395612,GOSDT+g,3600,89
car_evaluation_enc,1296,4,0.680555556,0.706790123,0.222405189,GOSDT+g,3600,42
car_evaluation_enc,1296,4,0.685185185,0.705246914,0.222311663,GOSDT+g,3600,0
car_evaluation_enc,1296,5,0.685185185,0.705246914,0.287244637,GOSDT+g,3600,138
car_evaluation_enc,1296,5,0.701388889,0.699845679,0.270241983,GOSDT+g,3600,15
car_evaluation_enc,1296,5,0.696759259,0.701388889,0.266043619,GOSDT+g,3600,89
car_evaluation_enc,1296,5,0.680555556,0.706790123,0.280242462,GOSDT+g,3600,42
car_evaluation_enc,1296,5,0.685185185,0.705246914,0.279893949,GOSDT+g,3600,0
kr-vs-kp_enc,2397,2,0.525657071,0.523153942,0.027825822,GOSDT+g,3600,138
kr-vs-kp_enc,2397,2,0.55068836,0.514810179,0.028657109,GOSDT+g,3600,15
kr-vs-kp_enc,2397,2,0.535669587,0.519816437,0.02773682,GOSDT+g,3600,89
kr-vs-kp_enc,2397,2,0.533166458,0.520650814,0.027864732,GOSDT+g,3600,42
kr-vs-kp_enc,2397,2,0.534418023,0.520233625,0.027549007,GOSDT+g,3600,0
kr-vs-kp_enc,2397,3,0.554443054,0.579057155,0.045153194,GOSDT+g,3600,138
kr-vs-kp_enc,2397,3,0.619524406,0.603254068,0.044063577,GOSDT+g,3600,15
kr-vs-kp_enc,2397,3,0.524405507,0.55527743,0.047889798,GOSDT+g,3600,89
kr-vs-kp_enc,2397,3,0.543178974,0.530246141,0.038350174,GOSDT+g,3600,42
kr-vs-kp_enc,2397,3,0.536921151,0.539007092,0.047416398,GOSDT+g,3600,0
kr-vs-kp_enc,2397,4,0.595744681,0.604505632,0.054475602,GOSDT+g,3600,138
kr-vs-kp_enc,2397,4,0.551939925,0.539841469,0.054738872,GOSDT+g,3600,15
kr-vs-kp_enc,2397,4,0.431789737,0.465581977,0.067686556,GOSDT+g,3600,89
kr-vs-kp_enc,2397,4,0.481852315,0.472256988,0.066754701,GOSDT+g,3600,42
kr-vs-kp_enc,2397,4,0.510638298,0.516478932,0.064175926,GOSDT+g,3600,0
kr-vs-kp_enc,2397,5,0.461827284,0.463496037,0.073360767,GOSDT+g,3600,138
kr-vs-kp_enc,2397,5,0.455569462,0.460158531,0.077954792,GOSDT+g,3600,15
kr-vs-kp_enc,2397,5,0.568210263,0.543178974,0.073530233,GOSDT+g,3600,89
kr-vs-kp_enc,2397,5,0.484355444,0.480600751,0.072541633,GOSDT+g,3600,42
kr-vs-kp_enc,2397,5,0.444305382,0.434710054,0.085873494,GOSDT+g,3600,0
fico_binary_enc,7844,2,0.53499044,0.517593065,0.103409498,GOSDT+g,3600,138
fico_binary_enc,7844,2,0.539196941,0.516190719,0.100753085,GOSDT+g,3600,15
fico_binary_enc,7844,2,0.531548757,0.518740439,0.101300392,GOSDT+g,3600,89
fico_binary_enc,7844,2,0.521988528,0.521927588,0.099001682,GOSDT+g,3600,42
fico_binary_enc,7844,2,0.518546845,0.523074962,0.107368839,GOSDT+g,3600,0
fico_binary_enc,7844,3,0.53499044,0.517593065,0.132425159,GOSDT+g,3600,138
fico_binary_enc,7844,3,0.539196941,0.516190719,0.136651179,GOSDT+g,3600,15
fico_binary_enc,7844,3,0.531548757,0.518740439,0.136163179,GOSDT+g,3600,89
fico_binary_enc,7844,3,0.521988528,0.521927588,0.136588216,GOSDT+g,3600,42
fico_binary_enc,7844,3,0.518546845,0.523074962,0.137540944,GOSDT+g,3600,0
fico_binary_enc,7844,4,0.53499044,0.517593065,0.160083922,GOSDT+g,3600,138
fico_binary_enc,7844,4,0.539196941,0.516190719,0.169178638,GOSDT+g,3600,15
fico_binary_enc,7844,4,0.531548757,0.518740439,0.166661078,GOSDT+g,3600,89
fico_binary_enc,7844,4,0.521988528,0.521927588,0.170123958,GOSDT+g,3600,42
fico_binary_enc,7844,4,0.518546845,0.523074962,0.167566508,GOSDT+g,3600,0
fico_binary_enc,7844,5,0.53499044,0.517593065,0.200909472,GOSDT+g,3600,138
fico_binary_enc,7844,5,0.539196941,0.516190719,0.204621727,GOSDT+g,3600,15
fico_binary_enc,7844,5,0.531548757,0.518740439,0.205071982,GOSDT+g,3600,89
fico_binary_enc,7844,5,0.521988528,0.521927588,0.200243122,GOSDT+g,3600,42
fico_binary_enc,7844,5,0.518546845,0.523074962,0.196263747,GOSDT+g,3600,0