Data, H, |I|, Out_Acc, In_Acc, Sol_Time, MIP_Gap, Obj_Val, Obj_Bound, Model, Lambda, Calibration_Time, Rand_State, Time_Limit, Tuning_Used, Num_CB, Num_Cuts, Total_CB_Time, MIP_Node_Time, MIP_Sol_Time, Max_Features, Single_Feature_Use, Regularization
balance_scale,2,468,0.624203822,0.706666667,2.190528154,0,328,328,BendersOCT,0,25.04442097,138,3600,TRUE,28,27,0.826865911,,,,,
balance_scale,2,468,0.649681529,0.706666667,2.89255619,0,324,324,BendersOCT,0,28.0116976,15,3600,TRUE,34,33,0.934531212,,,,,
balance_scale,2,468,0.694267516,0.688,5.480692148,0,317,317,BendersOCT,0,54.45295596,89,3600,TRUE,35,34,1.824840784,,,,,
balance_scale,2,468,0.643312102,0.690666667,4.74298811,0,325,325,BendersOCT,0,47.93238546,42,3600,TRUE,30,29,1.660958529,,,,,
balance_scale,2,468,0.668789809,0.685333333,4.885908127,0,321,321,BendersOCT,0,48.78604768,0,3600,TRUE,34,33,1.834313631,,,,,
breast_cancer,2,214,0.652777778,0.779069767,23.47337103,0,167,167,BendersOCT,0,214.4104796,138,3600,TRUE,28,27,1.878604174,,,,,
breast_cancer,2,214,0.597222222,0.825581395,15.08781409,0,173,173,BendersOCT,0,197.1135796,15,3600,TRUE,23,22,1.256108761,,,,,
breast_cancer,2,214,0.708333333,0.813953488,17.736408,0,166,166,BendersOCT,0,244.2683594,89,3600,TRUE,31,30,1.455101967,,,,,
breast_cancer,2,214,0.666666667,0.76744186,18.59712315,0,168,168,BendersOCT,0,221.0705897,42,3600,TRUE,30,29,1.565555573,,,,,
breast_cancer,2,214,0.666666667,0.779069767,23.26792502,0,168,168,BendersOCT,0,213.1507215,0,3600,TRUE,31,30,1.595279694,,,,,
car,2,1296,0.780092593,0.786885246,125.905391,0,1007,1007,BendersOCT,0,912.8742366,138,3600,TRUE,21,20,4.592568874,,,,,
car,2,1296,0.773148148,0.779170685,94.404948,0,1010,1010,BendersOCT,0,870.3851829,15,3600,TRUE,25,24,4.645770788,,,,,
car,2,1296,0.791666667,0.772420444,125.8625269,0,1002,1002,BendersOCT,0,1217.50737,89,3600,TRUE,22,21,4.914519787,,,,,
car,2,1296,0.75462963,0.781099325,54.61683893,0,1003,1003,BendersOCT,0,1289.350177,42,3600,TRUE,21,20,4.26513648,,,,,
car,2,1296,0.756944444,0.784956606,55.192276,0,1017,1017,BendersOCT,0,1013.935534,0,3600,TRUE,21,20,4.687150478,,,,,
hayes_roth,2,120,0.525,0.635416667,1.231208086,0,79,79,BendersOCT,0,12.75623323,138,3600,TRUE,20,19,0.418392658,,,,,
hayes_roth,2,120,0.6,0.59375,1.235077858,0,77,77,BendersOCT,0,14.12773792,15,3600,TRUE,23,22,0.442776442,,,,,
hayes_roth,2,120,0.55,0.625,1.220132828,0,78,78,BendersOCT,0,14.0692517,89,3600,TRUE,23,22,0.409165621,,,,,
hayes_roth,2,120,0.475,0.65625,1.220754147,0,81,81,BendersOCT,0,12.61383005,42,3600,TRUE,23,22,0.434245586,,,,,
hayes_roth,2,120,0.525,0.666666667,1.19607687,0,79,79,BendersOCT,0,13.86817906,0,3600,TRUE,22,21,0.386003256,,,,,
house_votes_84,2,326,0.963302752,0.961685824,34.04685116,0,311,311,BendersOCT,0,305.8684245,138,3600,TRUE,28,27,1.884350061,,,,,
house_votes_84,2,326,0.95412844,0.969348659,17.95527911,6.24E-05,314,314.0196078,BendersOCT,0,232.6918147,15,3600,TRUE,27,26,1.581512213,,,,,
house_votes_84,2,326,0.95412844,0.965517241,21.67421484,0,314,314,BendersOCT,0,270.1994284,89,3600,TRUE,24,23,1.640823841,,,,,
house_votes_84,2,326,0.963302752,0.969348659,30.91678596,0,313,313,BendersOCT,0,266.9086594,42,3600,TRUE,24,23,1.881952524,,,,,
house_votes_84,2,326,0.95412844,0.965517241,26.35874987,0,313,313,BendersOCT,0,245.0964451,0,3600,TRUE,25,24,1.920312166,,,,,
iris,2,112,0.947368421,0.955555556,1.045253038,0,107,107,BendersOCT,0,12.30695228,138,3600,TRUE,18,17,0.482863903,,,,,
iris,2,112,0.947368421,0.955555556,1.182844162,0,107,107,BendersOCT,0,10.19501937,15,3600,TRUE,14,13,0.429616451,,,,,
iris,2,112,0.947368421,0.955555556,0.843522072,0,108,108,BendersOCT,0,9.924578607,89,3600,TRUE,17,16,0.449043989,,,,,
iris,2,112,1,0.955555556,1.243714094,0,106,106,BendersOCT,0,11.84997769,42,3600,TRUE,16,14,0.446693897,,,,,
iris,2,112,0.868421053,0.966666667,0.991514921,0,108,108,BendersOCT,0,9.829170618,0,3600,TRUE,17,16,0.523607969,,,,,
monk1,2,93,0.903225806,0.8,1.245620012,0,74,74,BendersOCT,0,15.99586305,138,3600,TRUE,24,23,0.320572138,,,,,
monk1,2,93,0.774193548,0.84,0.898911953,0,78,78,BendersOCT,0,12.08037781,15,3600,TRUE,21,20,0.294501066,,,,,
monk1,2,93,0.806451613,0.813333333,1.061189175,0,75,75,BendersOCT,0,16.6677676,89,3600,TRUE,25,24,0.291030645,,,,,
monk1,2,93,0.838709677,0.826666667,1.074661016,0,76,76,BendersOCT,0,14.73667088,42,3600,TRUE,23,22,0.33823061,,,,,
monk1,2,93,0.741935484,0.8,0.952655077,0,77,77,BendersOCT,0,11.55584214,0,3600,TRUE,21,20,0.292459965,,,,,
monk2,2,126,0.651162791,0.683168317,10.34412193,0,23.2,23.2,BendersOCT,0.7,86.63979804,138,3600,TRUE,39,38,0.683290005,,,,,
monk2,2,126,0.697674419,0.683168317,9.247179985,0,82,82,BendersOCT,0,99.96081799,15,3600,TRUE,41,40,0.624572277,,,,,
monk2,2,126,0.604651163,0.683168317,6.013133049,0,86,86,BendersOCT,0,76.33474134,89,3600,TRUE,30,29,0.424379349,,,,,
monk2,2,126,0.441860465,0.683168317,7.583935022,0,87,87,BendersOCT,0,84.4374524,42,3600,TRUE,32,31,0.483616114,,,,,
monk2,2,126,0.441860465,0.702970297,7.454125881,0,86.00000176,86.00000176,BendersOCT,0,85.35588571,0,3600,TRUE,36,34,0.517899513,,,,,
monk3,2,91,1,0.931506849,0.523898125,0,83,83,BendersOCT,0,7.273568232,138,3600,TRUE,19,18,0.302047253,,,,,
monk3,2,91,0.935483871,0.931506849,0.581242085,0,85,85,BendersOCT,0,6.536161326,15,3600,TRUE,20,19,0.304759264,,,,,
monk3,2,91,0.903225806,0.945205479,0.434267044,0,86,86,BendersOCT,0,5.093411207,89,3600,TRUE,19,18,0.24249649,,,,,
monk3,2,91,0.935483871,0.931506849,0.452960014,0,85,85,BendersOCT,0,6.32825185,42,3600,TRUE,18,17,0.221318722,,,,,
monk3,2,91,0.935483871,0.917808219,0.377043962,0,85,85,BendersOCT,0,5.898267806,0,3600,TRUE,16,15,0.192163467,,,,,
soybean_small,2,35,1,1,0.006646156,0,35,35,BendersOCT,0,14.04539317,138,3600,TRUE,2,0,0.005991936,,,,,
soybean_small,2,35,1,1,0.006777048,0,35,35,BendersOCT,0,12.46169847,15,3600,TRUE,2,0,0.006035089,,,,,
soybean_small,2,35,1,1,0.007448912,0,35,35,BendersOCT,0,8.180400301,89,3600,TRUE,2,0,0.006625891,,,,,
soybean_small,2,35,0.916666667,1,0.006637812,0,35,35,BendersOCT,0,8.11813549,42,3600,TRUE,2,0,0.0060606,,,,,
soybean_small,2,35,1,1,0.006989956,0,35,35,BendersOCT,0,7.898419425,0,3600,TRUE,2,0,0.006289244,,,,,
spect,2,200,0.71641791,0.775,223.654772,0,152,152,BendersOCT,0,2555.142624,138,3600,TRUE,33,32,1.492715597,,,,,
spect,2,200,0.656716418,0.75625,265.2719879,0,133,133,BendersOCT,0.1,2435.613096,15,3600,TRUE,35,34,1.660165071,,,,,
spect,2,200,0.746268657,0.725,218.8007262,0,150,150,BendersOCT,0,2555.802774,89,3600,TRUE,29,28,1.556206465,,,,,
blood,2,560,0.770053476,0.790178571,2616.562376,0,436,436,BendersOCT,0,17455.33346,138,3600,TRUE,24,23,9.616138458,,,,,
spect,2,200,0.746268657,0.74375,222.07745,0,150,150,BendersOCT,0,2474.602465,42,3600,TRUE,29,28,1.57581687,,,,,
climate,2,405,0.925925926,0.941358025,3600.038469,0.067144474,265.1,282.9,BendersOCT,0.3,18004.07838,138,3600,TRUE,27,26,62.83865333,,,,,
tic_tac_toe,3,718,0.745833333,0.775652174,3600.000689,0.198741007,556,666.5,BendersOCT,0,18000.87897,138,3600,TRUE,54,53,7.630170107,,,,,
climate,3,405,0.925925926,0.956790123,3600.002737,0.04768881,347.7,364.2813994,BendersOCT,0.1,18005.81478,138,3600,TRUE,36,35,121.5325212,,,,,
spect,4,200,0.746268657,0.83125,3600.004089,0.232197617,145.8,179.6544125,BendersOCT,0.1,18000.82463,138,3600,TRUE,158,138,9.969789267,,,,,
car,5,1296,0.828703704,0.87270974,3600.006004,0.153024911,1124,1296,BendersOCT,0,18001.59127,138,3600,TRUE,129,126,46.19847965,,,,,
climate,4,405,0.940740741,0.938271605,3600.011378,0.067282322,303.2,323.6,BendersOCT,0.2,18019.15948,138,3600,TRUE,46,45,322.2499132,,,,,
spect,2,200,0.731343284,0.75625,200.893544,0,151,151,BendersOCT,0,2402.746642,0,3600,TRUE,30,29,1.672260761,,,,,
tic_tac_toe,2,718,0.704166667,0.704347826,202.3365271,0,507,507,BendersOCT,0,2544.980758,138,3600,TRUE,38,37,3.68377924,,,,,
tic_tac_toe,2,718,0.679166667,0.713043478,209.1343961,0,513,513,BendersOCT,0,2617.141221,15,3600,TRUE,43,42,4.176486254,,,,,
tic_tac_toe,2,718,0.641666667,0.697391304,238.6560569,0,508,508,BendersOCT,0,2683.812983,89,3600,TRUE,34,33,3.670889854,,,,,
tic_tac_toe,2,718,0.670833333,0.711304348,270.467526,0,511,511,BendersOCT,0,2366.977166,42,3600,TRUE,40,39,4.406035185,,,,,
tic_tac_toe,2,718,0.658333333,0.726956522,216.435039,0,518,518,BendersOCT,0,2345.929937,0,3600,TRUE,42,41,4.024526119,,,,,
blood,2,560,0.748663102,0.779017857,3193.06287,0,437,437,BendersOCT,0,16797.15908,15,3600,TRUE,30,29,9.895576239,,,,,
climate,2,405,0.933333333,0.929012346,3600.006177,0.08,375,405,BendersOCT,0,18003.86184,15,3600,TRUE,25,23,54.71080351,,,,,
tic_tac_toe,3,718,0.725,0.777391304,3600.000894,0.182340426,564,666.84,BendersOCT,0,18000.97633,15,3600,TRUE,54,52,8.561608315,,,,,
climate,3,405,0.940740741,0.932098765,3600.001806,0.07712766,376,405,BendersOCT,0,18005.41028,15,3600,TRUE,68,53,125.2971025,,,,,
spect,4,200,0.686567164,0.81875,3600.002245,0.226993865,163,200,BendersOCT,0,18001.69957,15,3600,TRUE,120,106,7.878047466,,,,,
car,5,1296,0.865740741,0.890067502,3600.005336,0.132867133,1144,1296,BendersOCT,0,18001.69147,15,3600,TRUE,92,91,39.350842,,,,,
climate,4,405,0.948148148,0.935185185,3600.127819,0.074173853,225.4,242.1187864,BendersOCT,0.4,18008.13696,15,3600,TRUE,58,53,262.823843,,,,,
balance_scale,3,468,0.694267516,0.754666667,1115.710433,7.87E-05,353,353.0277778,BendersOCT,0,12936.83736,138,3600,TRUE,68,67,6.015894175,,,,,
blood,2,560,0.796791444,0.772321429,2814.605058,0,433,433,BendersOCT,0,17405.27305,89,3600,TRUE,29,28,11.07505536,,,,,
balance_scale,3,468,0.675159236,0.762666667,951.6464601,8.19E-05,354,354.0289855,BendersOCT,0,9975.103635,15,3600,TRUE,62,61,5.117711067,,,,,
climate,2,405,0.911111111,0.938271605,3600.029219,0.060102383,305.2,323.5432472,BendersOCT,0.2,18003.89648,89,3600,TRUE,23,22,62.92965674,,,,,
tic_tac_toe,3,718,0.725,0.772173913,3600.000837,0.209009009,555,671,BendersOCT,0,18002.37574,89,3600,TRUE,64,62,9.277688265,,,,,
spect,4,200,0.641791045,0.80625,3600.001067,0.21212121,165.0000003,200,BendersOCT,0,18004.99751,89,3600,TRUE,125,107,8.533988237,,,,,
climate,3,405,0.896296296,0.947530864,3600.006838,0.055797733,229.4,242.2,BendersOCT,0.4,18007.03553,89,3600,TRUE,30,29,175.8441343,,,,,
car,5,1296,0.861111111,0.851494696,3600.004908,0.188433143,543.5,645.9134133,BendersOCT,0.5,18002.034,89,3600,TRUE,157,154,51.91996026,,,,,
climate,4,405,0.903703704,0.950617284,3600.008273,0.059492563,228.6,242.2,BendersOCT,0.4,18008.68574,89,3600,TRUE,36,34,187.0884342,,,,,
balance_scale,3,468,0.719745223,0.749333333,1125.275882,9.01E-05,347.0000001,347.03125,BendersOCT,0,14171.11936,89,3600,TRUE,68,66,4.289220095,,,,,
blood,2,560,0.759358289,0.774553571,2469.861372,0,128.5,128.5,BendersOCT,0.7,17169.05401,42,3600,TRUE,27,26,10.02498102,,,,,
tic_tac_toe,3,718,0.7625,0.777391304,3600.001039,0.225262017,498.1,610.3030107,BendersOCT,0.1,18001.00948,42,3600,TRUE,71,70,9.026090622,,,,,
climate,2,405,0.911111111,0.944444444,3600.015074,0.065789474,380,405,BendersOCT,0,18009.45576,42,3600,TRUE,31,27,48.67775202,,,,,
climate,3,405,0.925925926,0.969135802,3600.008679,0.041131105,389,405,BendersOCT,0,18004.84721,42,3600,TRUE,57,47,107.9669554,,,,,
car,5,1296,0.837962963,0.859209257,3600.005968,0.174818119,881.8,1035.954618,BendersOCT,0.2,18001.51452,42,3600,TRUE,149,147,49.49113274,,,,,
climate,4,405,0.903703704,0.922839506,3600.04376,0.08,375,405,BendersOCT,0,18015.95439,42,3600,TRUE,101,96,317.2497644,,,,,
balance_scale,3,468,0.681528662,0.752,849.181098,9.75E-05,136.8,136.8133333,BendersOCT,0.6,11068.8516,42,3600,TRUE,76,75,3.614361763,,,,,
blood,2,560,0.732620321,0.774553571,3119.35046,0,438,438,BendersOCT,0,16641.92292,0,3600,TRUE,30,29,9.213280201,,,,,
balance_scale,3,468,0.719745223,0.738666667,1717.571557,9.61E-05,347,347.0333333,BendersOCT,0,12950.47518,0,3600,TRUE,62,61,4.991523266,,,,,
hayes_roth,3,120,0.725,0.760416667,25.75596905,0,93,93,BendersOCT,0,330.8970405,138,3600,TRUE,33,32,0.726164103,,,,,
hayes_roth,3,120,0.675,0.75,20.55321002,0,93,93,BendersOCT,0,366.012985,15,3600,TRUE,31,30,0.790535212,,,,,
hayes_roth,3,120,0.75,0.78125,21.39573789,0,92,92,BendersOCT,0,431.3869575,89,3600,TRUE,37,36,0.50088954,,,,,
hayes_roth,3,120,0.65,0.822916667,14.55893898,0,97,97,BendersOCT,0,243.6934373,42,3600,TRUE,35,34,0.915275097,,,,,
hayes_roth,3,120,0.625,0.8125,14.95101309,0,98,98,BendersOCT,0,228.0410373,0,3600,TRUE,32,31,0.855429888,,,,,
iris,3,112,0.973684211,1,0.022217035,0,112,112,BendersOCT,0,105.5377758,138,3600,TRUE,2,0,0.021134377,,,,,
iris,3,112,0.973684211,1,0.025014877,0,112,112,BendersOCT,0,305.9991611,15,3600,TRUE,2,0,0.023902178,,,,,
iris,3,112,0.973684211,1,0.028378963,0,112,112,BendersOCT,0,217.1075025,89,3600,TRUE,2,0,0.027261734,,,,,
iris,3,112,0.973684211,0.988888889,130.5195222,9.13E-05,87.60000052,87.608,BendersOCT,0.2,1498.39627,42,3600,TRUE,43,31,1.534965992,,,,,
iris,3,112,0.973684211,1,0.015555143,0,112,112,BendersOCT,0,103.3446346,0,3600,TRUE,2,0,0.014669418,,,,,
monk1,3,93,0.935483871,0.933333333,48.975667,0,85,85,BendersOCT,0,340.3242492,138,3600,TRUE,76,66,1.071234941,,,,,
tic_tac_toe,3,718,0.75,0.779130435,3600.000971,0.209051387,505.2,610.8127606,BendersOCT,0.1,18000.92409,0,3600,TRUE,70,68,8.313699961,,,,,
climate,2,405,0.940740741,0.929012346,3600.005146,0.074270557,377,405,BendersOCT,0,18003.15214,0,3600,TRUE,46,35,64.32626629,,,,,
car,5,1296,0.798611111,0.856316297,3600.00446,0.181717012,546.5,645.8083471,BendersOCT,0.5,18001.85764,0,3600,TRUE,126,125,43.33278775,,,,,
climate,3,405,0.940740741,0.935185185,3600.005343,0.070733864,226.2,242.2,BendersOCT,0.4,18004.7373,0,3600,TRUE,34,31,128.3004117,,,,,
climate,4,405,0.933333333,0.944444444,3600.107025,0.057441253,383,405,BendersOCT,0,18006.85456,0,3600,TRUE,66,61,276.0751171,,,,,
monk1,3,93,0.774193548,0.933333333,11.597754,0,87,87,BendersOCT,0,218.1474947,15,3600,TRUE,26,25,0.605655909,,,,,
monk1,3,93,0.903225806,0.946666667,26.54713297,0,86,86,BendersOCT,0,188.5341974,89,3600,TRUE,43,39,0.953081369,,,,,
monk1,3,93,0.903225806,0.92,561.455914,0,86,86,BendersOCT,0,263.1512543,42,3600,TRUE,58,46,0.892822742,,,,,
monk1,3,93,0.903225806,0.906666667,20.70128512,0,86,86,BendersOCT,0,337.6047306,0,3600,TRUE,50,42,0.76416254,,,,,
monk3,3,91,1,0.95890411,57.70225596,0,49.4,49.4,BendersOCT,0.4,432.9310295,138,3600,TRUE,46,45,0.804129601,,,,,
monk3,3,91,0.935483871,0.95890411,104.7500758,2.07E-05,87.00000002,87.00180505,BendersOCT,0,281.1617401,15,3600,TRUE,37,35,0.567555428,,,,,
monk3,3,91,0.903225806,0.97260274,14.36121106,0,88,88,BendersOCT,0,229.5580334,89,3600,TRUE,59,50,0.431656122,,,,,
monk3,3,91,0.903225806,0.97260274,19.78981304,0,59.8,59.8,BendersOCT,0.3,139.0657061,42,3600,TRUE,65,55,0.716804266,,,,,
monk3,3,91,0.903225806,0.95890411,18.92823696,0,88,88,BendersOCT,0,141.6747718,0,3600,TRUE,51,45,0.648791313,,,,,
soybean_small,3,35,1,1,0.006605148,0,35,35,BendersOCT,0,19.64916368,138,3600,TRUE,2,0,0.00579524,,,,,
soybean_small,3,35,0.916666667,1,0.006419897,0,35,35,BendersOCT,0,14.89204584,15,3600,TRUE,2,0,0.005542755,,,,,
soybean_small,3,35,0.916666667,1,0.006700993,0,35,35,BendersOCT,0,16.64434816,89,3600,TRUE,2,0,0.00595808,,,,,
soybean_small,3,35,0.916666667,1,0.006414175,0,35,35,BendersOCT,0,8.028956663,42,3600,TRUE,2,0,0.005629301,,,,,
soybean_small,3,35,1,1,0.005856037,0,35,35,BendersOCT,0,13.06429239,0,3600,TRUE,2,0,0.005108595,,,,,
iris,4,112,0.973684211,1,0.029793024,0,112,112,BendersOCT,0,530.1401989,138,3600,TRUE,2,0,0.028681517,,,,,
iris,4,112,0.947368421,1,0.02711916,0,112,112,BendersOCT,0,856.6599433,15,3600,TRUE,2,0,0.026232958,,,,,
iris,4,112,0.921052632,1,0.019254208,0,112,112,BendersOCT,0,784.8577232,89,3600,TRUE,2,0,0.01846838,,,,,
iris,4,112,1,1,0.034764051,0,112,112,BendersOCT,0,4158.970208,42,3600,TRUE,2,0,0.033674002,,,,,
iris,4,112,0.973684211,1,0.026837826,0,112,112,BendersOCT,0,429.1933717,0,3600,TRUE,2,0,0.025819302,,,,,
monk1,4,93,1,1,0.018646955,0,93,93,BendersOCT,0,103.059511,138,3600,TRUE,2,0,0.017764091,,,,,
monk1,4,93,0.903225806,1,0.011944056,0,93,93,BendersOCT,0,110.6548371,15,3600,TRUE,2,0,0.011323929,,,,,
monk1,4,93,1,1,0.011603117,0,93,93,BendersOCT,0,103.7309278,89,3600,TRUE,2,0,0.011003971,,,,,
monk1,4,93,1,1,0.020499945,0,93,93,BendersOCT,0,106.2237338,42,3600,TRUE,2,0,0.01959157,,,,,
monk1,4,93,1,1,0.019083023,0,93,93,BendersOCT,0,107.1205067,0,3600,TRUE,2,0,0.018255949,,,,,
soybean_small,4,35,0.416666667,1,0.014593124,0,35,35,BendersOCT,0,22.56262459,138,3600,TRUE,2,0,0.01317358,,,,,
soybean_small,4,35,0.916666667,1,0.008280039,0,35,35,BendersOCT,0,22.04789314,15,3600,TRUE,2,0,0.007267475,,,,,
soybean_small,4,35,0.833333333,1,0.010659933,0,35,35,BendersOCT,0,15.72446329,89,3600,TRUE,2,0,0.00949955,,,,,
soybean_small,4,35,0.833333333,1,0.015595913,0,35,35,BendersOCT,0,13.96023589,42,3600,TRUE,2,0,0.014117002,,,,,
soybean_small,4,35,0.916666667,1,0.012192965,0,35,35,BendersOCT,0,18.5279946,0,3600,TRUE,2,0,0.010935783,,,,,
iris,5,112,0.973684211,1,0.037488937,0,112,112,BendersOCT,0,1357.93355,138,3600,TRUE,2,0,0.036072493,,,,,
iris,5,112,0.973684211,1,0.037394047,0,112,112,BendersOCT,0,1915.798053,15,3600,TRUE,2,0,0.035830021,,,,,
iris,5,112,0.973684211,1,0.023433924,0,112,112,BendersOCT,0,1804.469497,89,3600,TRUE,2,0,0.02214241,,,,,
house_votes_84,4,326,0.972477064,0.98467433,3600.004943,0.018749997,320.000001,326,BendersOCT,0,14656.07789,138,3600,TRUE,102,87,10.13411212,,,,,
balance_scale,4,468,0.694267516,0.8,3600.000824,0.105855856,370,409.1666667,BendersOCT,0,18000.94597,138,3600,TRUE,115,114,9.035879374,,,,,
kr_vs_kp,2,2397,0.879849812,0.869134515,3600.026614,0.155240766,1867.2,2157.065558,BendersOCT,0.1,18002.28509,138,3600,TRUE,22,21,19.84926844,,,,,
fico_binary,3,7844,0.708221797,0.716061185,3600.014825,0.387307109,4506,6251.205831,BendersOCT,0.2,18010.2402,138,3600,TRUE,51,50,64.70703912,,,,,
climate,5,405,0.911111111,0.929012346,3600.310837,0.082887701,374,405,BendersOCT,0,18013.15831,138,3600,TRUE,98,93,512.3948159,,,,,
iris,5,112,1,1,0.035130024,0,112,112,BendersOCT,0,7229.791312,42,3600,TRUE,2,0,0.033859491,,,,,
iris,5,112,0.973684211,1,0.030905008,0,112,112,BendersOCT,0,696.0207596,0,3600,TRUE,2,0,0.029416084,,,,,
balance_scale,4,468,0.732484076,0.778666667,3600.000683,0.183491062,253.6,300.1333333,BendersOCT,0.3,18004.47784,15,3600,TRUE,116,115,8.495171309,,,,,
kr_vs_kp,2,2397,0.863579474,0.871741397,3600.000729,0.148034227,1878.9,2157.041509,BendersOCT,0.1,18001.70001,15,3600,TRUE,23,22,19.43994784,,,,,
fico_binary,3,7844,0.710516252,0.713193117,3600.005945,0.394867796,2239.2,3123.387968,BendersOCT,0.6,18005.78429,15,3600,TRUE,67,64,64.01272798,,,,,
climate,5,405,0.911111111,0.938271605,3600.01536,0.071206883,340.1,364.317461,BendersOCT,0.1,18016.13547,15,3600,TRUE,71,63,269.4173911,,,,,
kr_vs_kp,5,2397,0.937421777,0.936913452,3600.025084,0.068713668,670.9,717,BendersOCT,0.7,18010.71276,138,3600,TRUE,94,87,152.588532,,,,,
house_votes_84,4,326,0.944954128,0.992337165,3600.002465,0.009287923,323.0000009,326,BendersOCT,0,14510.49808,15,3600,TRUE,121,106,14.49991274,,,,,
balance_scale,4,468,0.777070064,0.778666667,3600.004448,0.167824074,360,420.4166667,BendersOCT,0,18000.84783,89,3600,TRUE,124,123,12.83204889,,,,,
kr_vs_kp,2,2397,0.868585732,0.870698644,3600.001359,0.150232843,1875.3,2157.031651,BendersOCT,0.1,18002.70471,89,3600,TRUE,23,22,30.20775437,,,,,
fico_binary,3,7844,0.715869981,0.708094328,3600.0045,0.403547366,5568,7814.951732,BendersOCT,0,18006.62203,89,3600,TRUE,47,45,78.00950813,,,,,
climate,5,405,0.903703704,0.947530864,3600.012131,0.055446836,306.6,323.6,BendersOCT,0.2,18034.48745,89,3600,TRUE,46,45,312.8309937,,,,,
fico_binary,2,7844,0.697131931,0.701561504,3600.003271,0.241447796,4420.2,5487.447547,BendersOCT,0.2,18006.09037,138,3600,TRUE,34,33,41.90184021,,,,,
spect,4,200,0.701492537,0.825,3600.000651,0.213992117,148,179.6708333,BendersOCT,0.1,18001.07199,42,3600,TRUE,109,102,11.59674191,,,,,
house_votes_84,4,326,0.963302752,0.992337165,3600.001454,0.009287926,323,326,BendersOCT,0,14543.17517,89,3600,TRUE,134,117,16.13743067,,,,,
balance_scale,4,468,0.738853503,0.770666667,3600.001379,0.190153689,327.2,389.418287,BendersOCT,0.1,18004.82827,42,3600,TRUE,128,127,12.24911499,,,,,
kr_vs_kp,2,2397,0.877346683,0.869655892,3600.00163,0.153972075,2077,2396.8,BendersOCT,0,18002.30628,42,3600,TRUE,19,18,17.12045813,,,,,
fico_binary,3,7844,0.69292543,0.714786488,3600.021722,0.39987371,554.2,775.8100102,BendersOCT,0.9,18007.03401,42,3600,TRUE,58,57,65.88122177,,,,,
climate,5,405,0.925925926,0.932098765,3600.021398,0.079955542,299.6,323.5546803,BendersOCT,0.2,18024.59323,42,3600,TRUE,48,42,317.3263073,,,,,
fico_binary,2,7844,0.70210325,0.701561504,3600.002715,0.302527646,548.6,714.5666667,BendersOCT,0.9,18005.0376,15,3600,TRUE,32,31,28.98815513,,,,,
spect,4,200,0.641791045,0.8,3600.000915,0.249999955,160.0000057,200,BendersOCT,0,18001.01985,0,3600,TRUE,132,118,9.280804873,,,,,
house_votes_84,4,326,0.944954128,0.988505747,3600.000728,0.017482922,287.9,292.9333333,BendersOCT,0.1,14547.31242,42,3600,TRUE,72,71,10.82236171,,,,,
balance_scale,4,468,0.770700637,0.765333333,3600.001354,0.193388285,286.2,341.5477273,BendersOCT,0.2,18000.82135,0,3600,TRUE,116,115,10.44249129,,,,,
kr_vs_kp,2,2397,0.868585732,0.87278415,3600.000475,0.149712092,2084,2396,BendersOCT,0,18001.78795,0,3600,TRUE,22,21,17.40870857,,,,,
fico_binary,3,7844,0.708221797,0.700605481,3600.005978,0.419531613,2748,3900.872872,BendersOCT,0.5,18005.82827,0,3600,TRUE,69,68,67.76162195,,,,,
fico_binary,2,7844,0.715869981,0.708094328,3025.355027,0,1111.2,1111.2,BendersOCT,0.8,18004.34521,89,3600,TRUE,27,26,26.44187737,,,,,
tic_tac_toe,4,718,0.804166667,0.834782609,3600.00124,0.194675541,601,718,BendersOCT,0,18004.73135,138,3600,TRUE,83,79,16.61522698,,,,,
house_votes_84,4,326,0.944954128,0.992337165,3600.001092,0.011395028,289.6,292.9,BendersOCT,0.1,14567.93082,0,3600,TRUE,59,58,9.99886775,,,,,
monk1,5,93,1,1,0.028841019,0,93,93,BendersOCT,0,143.2848984,138,3600,TRUE,2,0,0.027518034,,,,,
monk1,5,93,1,1,0.025962114,0,93,93,BendersOCT,0,138.1702524,15,3600,TRUE,2,0,0.024902105,,,,,
monk1,5,93,1,1,0.029462099,0,93,93,BendersOCT,0,189.7947532,89,3600,TRUE,2,0,0.028075933,,,,,
monk1,5,93,0.967741935,1,0.030443192,0,93,93,BendersOCT,0,146.1516981,42,3600,TRUE,2,0,0.02914691,,,,,
monk1,5,93,1,1,0.026520967,0,93,93,BendersOCT,0,207.1665167,0,3600,TRUE,2,0,0.025279045,,,,,
house_votes_84,3,326,0.963302752,0.969348659,3600.001174,0.031746032,315,325,BendersOCT,0,14578.49621,138,3600,TRUE,54,53,4.991352558,,,,,
blood,4,560,0.79144385,0.801339286,3600.003659,0.238938053,452,560,BendersOCT,0,18001.14464,138,3600,TRUE,114,92,52.01639628,,,,,
blood,3,560,0.796791444,0.803571429,3600.001266,0.236987815,361.2000009,446.8,BendersOCT,0.2,18001.1552,138,3600,TRUE,97,64,26.94807053,,,,,
fico_binary,2,7844,0.688718929,0.70793499,3600.003043,0.076974854,3889.7,4189.109091,BendersOCT,0.3,18012.83408,42,3600,TRUE,35,32,33.67350578,,,,,
monk2,5,126,0.674418605,0.851485149,3600.001369,0.171698797,96.2,112.7174242,BendersOCT,0.1,16231.51636,138,3600,TRUE,156,155,6.164707661,,,,,
ionosphere,4,263,0.806818182,0.933649289,3600.024448,0.073469388,245,263,BendersOCT,0,18022.83627,138,3600,TRUE,89,75,380.5605154,,,,,
climate,5,405,0.918518519,0.904320988,3602.020217,0.091856426,259.1,282.9,BendersOCT,0.3,18017.39368,0,3600,TRUE,47,43,319.6074805,,,,,
house_votes_84,3,326,0.944954128,0.980842912,3600.000444,0.01763803,286.6,291.6550595,BendersOCT,0.1,14469.50496,15,3600,TRUE,51,50,3.292513609,,,,,
fico_binary,2,7844,0.717017208,0.70681963,3276.04481,0,5008.2,5008.2,BendersOCT,0.1,18006.47681,0,3600,TRUE,29,28,24.56759334,,,,,
monk2,5,126,0.674418605,0.920792079,3600.000527,0.076923077,117,126,BendersOCT,0,16217.03966,15,3600,TRUE,218,188,5.051019907,,,,,
ionosphere,4,263,0.784090909,0.933649289,3600.008949,0.073469388,245,263,BendersOCT,0,18016.02319,15,3600,TRUE,44,43,186.7293186,,,,,
house_votes_84,3,326,0.95412844,0.973180077,3600.001264,0.024447947,317.0000007,324.75,BendersOCT,0,14310.48284,89,3600,TRUE,42,40,3.511268139,,,,,
fico_binary,5,7844,0.695984704,0.702995539,3600.020281,0.423943853,546.3,777.900527,BendersOCT,0.9,18027.87733,138,3600,TRUE,100,99,179.1849568,,,,,
ionosphere,2,263,0.852272727,0.895734597,3600.001803,0.105042017,238,263,BendersOCT,0,18003.74149,138,3600,TRUE,23,19,35.96357846,,,,,
monk2,5,126,0.558139535,0.891089109,3600.00275,0.125,112,126,BendersOCT,0,16231.2389,89,3600,TRUE,205,185,3.814301252,,,,,
ionosphere,4,263,0.829545455,0.943127962,3600.024789,0.069105691,246,263,BendersOCT,0,18008.76755,89,3600,TRUE,91,80,211.0765538,,,,,
fico_binary,5,7844,0.706309751,0.707775653,3600.033212,0.409249716,4449.2,6270.033839,BendersOCT,0.2,18007.24065,15,3600,TRUE,138,137,194.9954367,,,,,
ionosphere,2,263,0.806818182,0.886255924,3600.000797,0.11440678,236,263,BendersOCT,0,18002.56436,15,3600,TRUE,30,26,39.98412013,,,,,
monk2,5,126,0.651162791,0.95049505,3600.000765,0.07761959,104.5000002,112.6112474,BendersOCT,0.1,16208.28131,42,3600,TRUE,124,121,3.013696909,,,,,
ionosphere,4,263,0.931818182,0.90521327,3600.08245,0.117855875,187.8,209.9333333,BendersOCT,0.2,18006.81817,42,3600,TRUE,83,68,180.3921382,,,,,
fico_binary,5,7844,0.700956023,0.706341619,3600.255718,0.418804293,1100,1560.684722,BendersOCT,0.8,18006.16405,89,3600,TRUE,115,111,167.7997963,,,,,
ionosphere,2,263,0.795454545,0.914691943,3600.007938,0.105042016,238.0000002,263,BendersOCT,0,18004.14823,89,3600,TRUE,56,39,85.32920027,,,,,
house_votes_84,3,326,0.95412844,0.977011494,3600.000316,0.024842271,317,324.875,BendersOCT,0,14484.28724,42,3600,TRUE,42,41,4.39482379,,,,,
ionosphere,4,263,0.886363636,0.938388626,3600.01272,0.060483871,248,263,BendersOCT,0,18014.06242,0,3600,TRUE,42,41,294.3262191,,,,,
fico_binary,5,7844,0.68833652,0.713352454,3600.107607,0.403121091,2790,3914.707844,BendersOCT,0.5,18013.90111,42,3600,TRUE,91,90,246.9306214,,,,,
blood,3,560,0.764705882,0.825892857,3600.004781,0.229799852,269.8,331.8,BendersOCT,0.4,18001.14673,15,3600,TRUE,62,49,26.8454802,,,,,
blood,4,560,0.770053476,0.821428571,3600.005202,0.242356865,359.8,447,BendersOCT,0.2,18002.09616,15,3600,TRUE,137,111,68.2662518,,,,,
tic_tac_toe,4,718,0.783333333,0.850434783,3600.004168,0.181497999,485.4,573.4991287,BendersOCT,0.2,18000.95029,15,3600,TRUE,92,91,13.59962249,,,,,
ionosphere,2,263,0.863636364,0.895734597,3600.001856,0.134365325,161.5,183.2,BendersOCT,0.3,18007.01814,42,3600,TRUE,28,27,85.45816326,,,,,
house_votes_84,3,326,0.944954128,0.98467433,3600.000322,0.015673981,319,324,BendersOCT,0,14487.1689,0,3600,TRUE,35,33,4.238390684,,,,,
monk2,5,126,0.813953488,0.930693069,3600.001261,0.18627451,61.2,72.6,BendersOCT,0.4,16211.8746,0,3600,TRUE,136,135,7.196479321,,,,,
blood,3,560,0.839572193,0.794642857,3600.001123,0.259177208,399.8,503.4190476,BendersOCT,0.1,18008.02116,89,3600,TRUE,93,63,22.46695161,,,,,
blood,4,560,0.839572193,0.78125,3600.001989,0.280062064,128.9,165,BendersOCT,0.7,18001.31109,89,3600,TRUE,105,97,73.60713935,,,,,
tic_tac_toe,4,718,0.829166667,0.859130435,3600.001417,0.1706987,428,501.0590436,BendersOCT,0.3,18001.09438,89,3600,TRUE,89,88,18.36979628,,,,,
monk3,5,91,0.935483871,1,0.031365871,0,91,91,BendersOCT,0,9985.522409,138,3600,TRUE,2,0,0.029933214,,,,,
ionosphere,2,263,0.818181818,0.881516588,3600.004919,0.117754728,163.9,183.2,BendersOCT,0.3,18011.46709,0,3600,TRUE,43,35,127.0836823,,,,,
monk3,5,91,0.903225806,1,0.03241396,0,91,91,BendersOCT,0,7705.674959,15,3600,TRUE,2,0,0.03019762,,,,,
monk3,5,91,0.870967742,1,0.01949501,0,91,91,BendersOCT,0,7428.154205,89,3600,TRUE,2,0,0.017569542,,,,,
blood,4,560,0.759358289,0.808035714,3600.001667,0.230769228,455.000001,560,BendersOCT,0,18002.6293,42,3600,TRUE,128,102,59.07550406,,,,,
tic_tac_toe,4,718,0.808333333,0.829565217,3600.001464,0.216949153,590,718,BendersOCT,0,18001.86815,42,3600,TRUE,69,68,17.96305251,,,,,
kr_vs_kp,4,2397,0.799749687,0.808654849,3600.016277,0.232390746,1945,2397,BendersOCT,0,18005.53547,138,3600,TRUE,81,76,109.2696009,,,,,
fico_binary,5,7844,0.715869981,0.702676864,3600.070891,0.425402042,1094.8,1560.530155,BendersOCT,0.8,18010.84842,0,3600,TRUE,106,105,220.6380696,,,,,
monk3,5,91,0.806451613,1,0.030616045,0,91,91,BendersOCT,0,7614.260632,42,3600,TRUE,2,0,0.029103041,,,,,
ionosphere,3,263,0.886363636,0.933649289,3600.007927,0.07765266,121,130.3959719,BendersOCT,0.5,18020.55684,138,3600,TRUE,44,39,151.6325214,,,,,
monk3,5,91,0.903225806,1,0.028033018,0,91,91,BendersOCT,0,9356.816456,0,3600,TRUE,2,0,0.026023865,,,,,
soybean_small,5,35,1,1,0.016872883,0,35,35,BendersOCT,0,25.45992717,138,3600,TRUE,2,0,0.014582157,,,,,
soybean_small,5,35,1,1,0.016741037,0,35,35,BendersOCT,0,26.75561108,15,3600,TRUE,2,0,0.014659882,,,,,
soybean_small,5,35,0.916666667,1,0.012456894,0,35,35,BendersOCT,0,24.2203254,89,3600,TRUE,2,0,0.01097393,,,,,
soybean_small,5,35,0.916666667,1,0.016278982,0,35,35,BendersOCT,0,15.33615651,42,3600,TRUE,2,0,0.014090538,,,,,
soybean_small,5,35,0.833333333,1,0.019491911,0,35,35,BendersOCT,0,29.7255441,0,3600,TRUE,2,0,0.017521858,,,,,
blood,4,560,0.732620321,0.805803571,3600.009624,0.239965526,406.1,503.55,BendersOCT,0.1,18002.58405,0,3600,TRUE,119,109,52.03509045,,,,,
tic_tac_toe,4,718,0.766666667,0.850434783,3600.005646,0.182953915,545.9,645.774542,BendersOCT,0.1,18000.95353,0,3600,TRUE,103,102,19.67949414,,,,,
hayes_roth,5,120,0.775,0.885416667,3600.000576,0.100917405,109.0000026,120,BendersOCT,0,16322.81774,138,3600,TRUE,224,199,5.930109978,,,,,
kr_vs_kp,4,2397,0.948685857,0.935870699,3600.183441,0.065807025,2249,2397,BendersOCT,0,18003.91992,15,3600,TRUE,56,55,88.65846848,,,,,
ionosphere,3,263,0.897727273,0.886255924,3600.012758,0.134151607,161.8,183.50573,BendersOCT,0.3,18008.72303,15,3600,TRUE,65,57,206.3806274,,,,,
spect,5,200,0.611940299,0.89375,3600.001727,0.171808071,153.3,179.6381772,BendersOCT,0.1,18002.01389,138,3600,TRUE,149,148,20.99446416,,,,,
breast_cancer,4,214,0.625,0.877906977,3600.004371,0.144935299,167.7,192.0056497,BendersOCT,0.1,17527.6113,138,3600,TRUE,88,87,7.819141388,,,,,
hayes_roth,5,120,0.825,0.885416667,3600.00085,0.117424242,60,67.04545455,BendersOCT,0.4,16312.48468,15,3600,TRUE,126,124,5.661961555,,,,,
balance_scale,5,468,0.751592357,0.816,3600.006611,0.270985207,256.4,325.880607,BendersOCT,0.3,18000.85376,15,3600,TRUE,352,316,29.54331279,,,,,
blood,3,560,0.77540107,0.805803571,3600.000651,0.244988864,449,559,BendersOCT,0,18001.00425,42,3600,TRUE,51,46,19.49866319,,,,,
kr_vs_kp,3,2397,0.863579474,0.859749739,3600.007631,0.169463907,613.7,717.7,BendersOCT,0.7,18002.7258,138,3600,TRUE,34,32,71.10979152,,,,,
ionosphere,3,263,0.840909091,0.928909953,3600.004647,0.087417898,120,130.4901478,BendersOCT,0.5,18013.25784,89,3600,TRUE,37,34,186.7504086,,,,,
spect,5,200,0.567164179,0.85,3600.001208,0.176470546,170.0000062,200,BendersOCT,0,18000.77969,15,3600,TRUE,191,160,20.06226373,,,,,
balance_scale,5,468,0.796178344,0.808,3600.003277,0.234828491,379.0000015,468,BendersOCT,0,18002.6956,89,3600,TRUE,308,276,36.53743148,,,,,
breast_cancer,4,214,0.625,0.895348837,3600.000656,0.138297872,188,214,BendersOCT,0,16924.01824,15,3600,TRUE,126,110,11.70321679,,,,,
blood,3,560,0.727272727,0.787946429,3600.001094,0.257464789,355,446.4,BendersOCT,0.2,18002.67454,0,3600,TRUE,92,74,32.33377004,,,,,
kr_vs_kp,3,2397,0.902377972,0.903023983,3600.023613,0.106074622,648.6,717.4,BendersOCT,0.7,18002.92588,15,3600,TRUE,30,29,66.68207741,,,,,
kr_vs_kp,4,2397,0.947434293,0.938998957,3600.019534,0.067230632,2246,2397,BendersOCT,0,18004.80101,89,3600,TRUE,53,50,130.4106026,,,,,
ionosphere,3,263,0.852272727,0.900473934,3600.021977,0.109704641,237,263,BendersOCT,0,18016.07372,42,3600,TRUE,64,54,158.592056,,,,,
hayes_roth,5,120,0.825,0.916666667,3600.005965,0.132075454,106.0000017,120,BendersOCT,0,16279.29238,89,3600,TRUE,183,169,5.751635313,,,,,
balance_scale,5,468,0.76433121,0.821333333,3600.002026,0.229152702,303.6,373.1707602,BendersOCT,0.2,18000.96181,42,3600,TRUE,220,209,31.87060452,,,,,
breast_cancer,3,214,0.694444444,0.819767442,3600.000381,0.124293785,177,199,BendersOCT,0,16481.6211,138,3600,TRUE,78,64,4.387002468,,,,,
breast_cancer,4,214,0.708333333,0.889534884,3600.000547,0.169398907,183,214,BendersOCT,0,18001.2658,89,3600,TRUE,120,97,8.274634361,,,,,
kr_vs_kp,3,2397,0.892365457,0.909280501,3600.001925,0.101097499,1959,2157.05,BendersOCT,0.1,18005.29182,89,3600,TRUE,32,31,42.17572665,,,,,
hayes_roth,5,120,0.675,0.916666667,3600.000701,0.090909091,110,120,BendersOCT,0,16258.65678,42,3600,TRUE,202,181,4.484098434,,,,,
ionosphere,3,263,0.909090909,0.924170616,3600.019712,0.077868801,244.0000116,263,BendersOCT,0,18013.06436,0,3600,TRUE,61,43,143.249989,,,,,
balance_scale,5,468,0.757961783,0.837333333,3600.000896,0.215584416,385,468,BendersOCT,0,18001.52863,0,3600,TRUE,284,243,25.57997394,,,,,
breast_cancer,4,214,0.694444444,0.854651163,3600.001051,0.17901107,144.2,170.0133963,BendersOCT,0.2,18002.56752,42,3600,TRUE,92,90,6.387515545,,,,,
kr_vs_kp,3,2397,0.906132666,0.905630865,3600.001771,0.106648199,2166,2397,BendersOCT,0,18002.64781,42,3600,TRUE,33,32,37.46295142,,,,,
hayes_roth,5,120,0.625,0.927083333,3600.000943,0.068452381,112,119.6666667,BendersOCT,0,15617.29707,0,3600,TRUE,199,182,5.27153492,,,,,
monk2,3,126,0.697674419,0.732673267,3600.000702,0.10638297,94.00000078,104,BendersOCT,0,16217.33947,138,3600,TRUE,62,57,1.089297771,,,,,
blood,5,560,0.743315508,0.823660714,3600.317335,0.245667198,313.5,390.5166667,BendersOCT,0.3,18002.09127,15,3600,TRUE,278,262,132.3289673,,,,,
breast_cancer,4,214,0.736111111,0.860465116,3600.000771,0.169758546,164.2,192.0743532,BendersOCT,0.1,17564.43989,0,3600,TRUE,104,103,6.959346533,,,,,
kr_vs_kp,3,2397,0.901126408,0.905109489,3600.001875,0.104608295,2170,2397,BendersOCT,0,18002.45653,0,3600,TRUE,30,29,36.00709414,,,,,
monk2,3,126,0.674418605,0.811881188,3600.002603,0.041237113,97,101,BendersOCT,0,15589.0808,15,3600,TRUE,48,47,0.598930597,,,,,
ionosphere,5,263,0.852272727,0.886255924,3600.007302,0.128934331,209.5,236.5117424,BendersOCT,0.1,18026.01488,138,3600,TRUE,50,46,212.5628829,,,,,
blood,5,560,0.812834225,0.787946429,3600.029576,0.255605381,446,560,BendersOCT,0,18002.16066,89,3600,TRUE,153,144,124.1058702,,,,,
spect,3,200,0.701492537,0.8,3600.000251,0.265822785,158,200,BendersOCT,0,18002.1017,138,3600,TRUE,88,77,4.000255823,,,,,
ionosphere,5,263,0.897727273,0.91943128,3600.081483,0.091286307,241,263,BendersOCT,0,18037.94927,15,3600,TRUE,94,83,530.7096972,,,,,
breast_cancer,3,214,0.583333333,0.848837209,3600.000862,0.116666667,180,201,BendersOCT,0,16397.47041,15,3600,TRUE,67,54,2.177000046,,,,,
spect,5,200,0.671641791,0.83125,3600.004938,0.211567732,131.4,159.2,BendersOCT,0.2,18000.66349,89,3600,TRUE,274,247,21.62911701,,,,,
kr_vs_kp,4,2397,0.906132666,0.905630865,3600.010188,0.10724234,430.8,477,BendersOCT,0.8,18003.42849,42,3600,TRUE,58,57,94.08808422,,,,,
blood,5,560,0.727272727,0.828125,3600.010414,0.220043573,459,560,BendersOCT,0,18007.83732,42,3600,TRUE,196,178,79.85308766,,,,,
breast_cancer,3,214,0.680555556,0.854651163,3600.000258,0.145157152,155.9,178.53,BendersOCT,0.1,16513.09096,89,3600,TRUE,65,64,2.044201851,,,,,
spect,5,200,0.656716418,0.8875,3600.001013,0.117318436,179,200,BendersOCT,0,18009.97785,42,3600,TRUE,223,194,9.301388979,,,,,
kr_vs_kp,4,2397,0.939924906,0.942127216,3600.005451,0.062756403,1803.8,1917,BendersOCT,0.2,18007.00244,0,3600,TRUE,61,59,77.03464723,,,,,
blood,5,560,0.754010695,0.803571429,3600.005716,0.247009977,358.6,447.1777778,BendersOCT,0.2,18007.66661,0,3600,TRUE,211,196,137.1529558,,,,,
breast_cancer,3,214,0.722222222,0.808139535,3600.000419,0.124293785,177,199,BendersOCT,0,16467.82303,42,3600,TRUE,71,63,3.599484444,,,,,
monk2,3,126,0.744186047,0.762376238,3600.000366,0.072916667,96,103,BendersOCT,0,16167.37743,89,3600,TRUE,41,40,0.604816437,,,,,
spect,3,200,0.686567164,0.7875,3600.000485,0.274676164,108.8,138.6847666,BendersOCT,0.3,18000.83025,15,3600,TRUE,77,67,3.208017826,,,,,
car,4,1296,0.805555556,0.832208293,3600.001992,0.20045547,971.2,1165.882353,BendersOCT,0.1,18001.24908,138,3600,TRUE,91,90,19.69612718,,,,,
ionosphere,5,263,0.840909091,0.909952607,3600.021764,0.116076655,117,130.5809687,BendersOCT,0.5,18048.84748,89,3600,TRUE,52,46,222.1150711,,,,,
breast_cancer,5,214,0.583333333,0.924418605,3600.00121,0.135985388,149.8,170.1706111,BendersOCT,0.2,16889.766,15,3600,TRUE,151,150,16.77467585,,,,,
breast_cancer,3,214,0.722222222,0.825581395,3600.003411,0.170766641,139.4,163.2048698,BendersOCT,0.2,16431.44724,0,3600,TRUE,60,59,3.075259209,,,,,
car,4,1296,0.854166667,0.845708775,3600.000948,0.191176471,1088,1296,BendersOCT,0,18000.9,42,3600,TRUE,68,67,15.53605294,,,,,
car,4,1296,0.837962963,0.846673095,3600.00066,0.193489684,213.4,254.6906985,BendersOCT,0.8,18001.0769,15,3600,TRUE,76,74,20.48828602,,,,,
balance_scale,5,468,0.694267516,0.845333333,3600.027318,0.196930946,391,468,BendersOCT,0,18000.57258,138,3600,TRUE,313,276,21.30832434,,,,,
spect,5,200,0.597014925,0.84375,3600.006909,0.183431942,169.0000015,200,BendersOCT,0,18000.51726,0,3600,TRUE,211,188,16.00957346,,,,,
house_votes_84,5,326,0.981651376,0.988505747,3600.00727,0.022012579,254.4,260,BendersOCT,0.2,14810.79139,138,3600,TRUE,144,143,21.80886292,,,,,
car,3,1296,0.782407407,0.816779171,3600.000576,0.100390394,1054,1159.811475,BendersOCT,0,18003.0962,138,3600,TRUE,47,46,8.640808821,,,,,
car,4,1296,0.805555556,0.840887175,3600.00546,0.188990826,1090,1296,BendersOCT,0,18001.36362,0,3600,TRUE,76,73,18.15933108,,,,,
car,4,1296,0.826388889,0.832208293,3600.017837,0.199581805,971.9,1165.873556,BendersOCT,0.1,18001.37664,89,3600,TRUE,103,102,23.2014327,,,,,
blood,5,560,0.780748663,0.808035714,3600.005111,0.244229337,268.6,334.2,BendersOCT,0.4,18002.0123,138,3600,TRUE,167,162,110.7384679,,,,,
house_votes_84,5,326,0.899082569,1,0.113317966,0,326,326,BendersOCT,0,13264.76686,15,3600,TRUE,2,0,0.110749483,,,,,
monk2,4,126,0.674418605,0.841584158,3600.001027,0.21153845,104.000001,126,BendersOCT,0,16226.57072,138,3600,TRUE,140,114,2.18964386,,,,,
car,3,1296,0.805555556,0.81485053,3600.000882,0.102783049,1054,1162.333333,BendersOCT,0,18003.30005,15,3600,TRUE,47,46,7.586958647,,,,,
breast_cancer,5,214,0.638888889,0.912790698,3600.002758,0.097435897,195,214,BendersOCT,0,18000.55216,138,3600,TRUE,194,168,15.90785384,,,,,
fico_binary,4,7844,0.704780115,0.712555768,3600.098661,0.420850732,546.6,776.6370103,BendersOCT,0.9,18006.25859,138,3600,TRUE,82,81,112.2238157,,,,,
house_votes_84,5,326,0.926605505,1,0.126523972,0,326,326,BendersOCT,0,13959.92298,89,3600,TRUE,2,0,0.124368191,,,,,
car,3,1296,0.810185185,0.81002893,3600.001497,0.110292719,946.3,1050.67,BendersOCT,0.1,18000.83439,89,3600,TRUE,61,60,7.772312164,,,,,
house_votes_84,5,326,0.944954128,0.996168582,3600.001145,0.00617284,324,326,BendersOCT,0,14491.1574,42,3600,TRUE,177,164,13.65662384,,,,,
breast_cancer,5,214,0.694444444,0.924418605,3600.002796,0.10880829,193.0000001,214,BendersOCT,0,18008.02932,89,3600,TRUE,247,219,11.12686253,,,,,
fico_binary,4,7844,0.69789675,0.70347355,3600.012045,0.426902799,1093.4,1560.175521,BendersOCT,0.8,18005.87561,15,3600,TRUE,91,87,86.94604015,,,,,
house_votes_84,5,326,0.95412844,0.992337165,3600.009965,0.006172837,324.0000007,326,BendersOCT,0,14548.25998,0,3600,TRUE,167,151,17.15513062,,,,,
car,3,1296,0.81712963,0.819672131,3600.000507,0.13372978,838.4,950.5190476,BendersOCT,0.2,18000.74223,42,3600,TRUE,56,54,10.74604511,,,,,
breast_cancer,5,214,0.694444444,0.889534884,3600.001491,0.132822902,150.2000001,170.15,BendersOCT,0.2,18000.42603,42,3600,TRUE,128,126,15.43817663,,,,,
fico_binary,4,7844,0.696749522,0.706660293,3600.015354,0.418342143,1652.3,2343.526723,BendersOCT,0.7,18005.2946,89,3600,TRUE,93,92,118.9971082,,,,,
monk2,4,126,0.651162791,0.811881188,3600.00053,0.225806446,80.6000004,98.8,BendersOCT,0.2,16219.39762,15,3600,TRUE,105,103,2.110135317,,,,,
tic_tac_toe,5,718,0.879166667,0.886956522,3600.002389,0.134281201,633,718,BendersOCT,0,18002.58565,138,3600,TRUE,261,225,34.29454422,,,,,
car,3,1296,0.787037037,0.826422372,3600.000848,0.092317954,1062,1160.041667,BendersOCT,0,18001.01766,0,3600,TRUE,42,41,6.140956879,,,,,
breast_cancer,5,214,0.694444444,0.872093023,3600.001907,0.120418848,191,214,BendersOCT,0,18012.07835,0,3600,TRUE,178,156,10.0136447,,,,,
fico_binary,4,7844,0.69789675,0.714945825,3600.0371,0.394544949,4492.8,6265.411545,BendersOCT,0.2,18005.19117,42,3600,TRUE,88,86,93.270715,,,,,
tic_tac_toe,5,718,0.854166667,0.91826087,3600.006136,0.102918587,651,718,BendersOCT,0,18001.65509,15,3600,TRUE,302,244,34.18941927,,,,,
monk2,3,126,0.697674419,0.831683168,3600.00111,0.099292177,76.4,83.98592233,BendersOCT,0.2,15304.46922,42,3600,TRUE,59,58,0.70288825,,,,,
fico_binary,4,7844,0.717399618,0.706022945,3600.130672,0.413113678,1104,1560.077501,BendersOCT,0.8,18006.15688,0,3600,TRUE,93,91,121.3744726,,,,,
ionosphere,5,263,0.806818182,0.90521327,3600.0957,0.119148936,235,263,BendersOCT,0,18013.79065,42,3600,TRUE,110,96,527.4549935,,,,,
monk3,4,91,0.935483871,0.95890411,3600.002589,0.013296122,49.60000004,50.25948771,BendersOCT,0.4,10462.66999,138,3600,TRUE,80,78,1.131330252,,,,,
monk2,3,126,0.627906977,0.782178218,3600.000265,0.082474227,97.00000002,105,BendersOCT,0,15114.26407,0,3600,TRUE,47,44,0.960035563,,,,,
monk3,4,91,0.806451613,0.98630137,3600.00038,0.018760459,79.4,80.88958043,BendersOCT,0.1,7880.307495,15,3600,TRUE,156,136,2.138857841,,,,,
tic_tac_toe,5,718,0.870833333,0.902608696,3600.001677,0.106317411,649,718,BendersOCT,0,18000.75058,89,3600,TRUE,245,211,34.57701302,,,,,
hayes_roth,4,120,0.75,0.854166667,3600.000238,0.028846154,104,107,BendersOCT,0,14999.09646,138,3600,TRUE,89,78,2.172874689,,,,,
monk3,4,91,0.774193548,1,821.538343,9.32E-05,80.50000005,80.50750002,BendersOCT,0.1,7482.689634,89,3600,TRUE,74,70,1.466724634,,,,,
monk3,4,91,0.870967742,1,131.2476442,0,91,91,BendersOCT,0,7345.438846,42,3600,TRUE,93,83,1.431489944,,,,,
spect,3,200,0.671641791,0.76875,3600.000882,0.278079344,108.5,138.6716088,BendersOCT,0.3,18004.24213,89,3600,TRUE,54,53,2.869152784,,,,,
hayes_roth,4,120,0.8,0.84375,3600.000941,0.027930908,90.7,93.23333333,BendersOCT,0.1,14872.26981,15,3600,TRUE,149,128,1.845643997,,,,,
tic_tac_toe,5,718,0.879166667,0.886956522,3600.007046,0.120124805,641,718,BendersOCT,0,18001.87611,42,3600,TRUE,333,272,40.42712903,,,,,
monk3,4,91,0.903225806,1,0.010592937,0,91,91,BendersOCT,0,6703.284249,0,3600,TRUE,2,0,0.010050535,,,,,
ionosphere,5,263,0.818181818,0.881516588,3606.787513,0.11912474,211.3,236.4710575,BendersOCT,0.1,18027.97405,0,3600,TRUE,58,50,227.4417319,,,,,
hayes_roth,4,120,0.85,0.875,3600.002302,0.020558003,68.1,69.5,BendersOCT,0.3,15161.27241,89,3600,TRUE,136,121,1.724698067,,,,,
monk2,4,126,0.674418605,0.821782178,3600.000443,0.209452196,93.10000044,112.6,BendersOCT,0.1,16215.31793,89,3600,TRUE,103,96,1.65836072,,,,,
tic_tac_toe,5,718,0.883333333,0.911304348,3600.001203,0.101226994,652,718,BendersOCT,0,18000.69827,0,3600,TRUE,249,210,36.21290326,,,,,
hayes_roth,4,120,0.7,0.895833333,1845.98711,0,107,107,BendersOCT,0,9675.494253,42,3600,TRUE,98,85,1.24510169,,,,,
hayes_roth,4,120,0.575,0.895833333,267.6911039,0,109,109,BendersOCT,0,8491.822919,0,3600,TRUE,99,88,1.552881718,,,,,
monk2,4,126,0.697674419,0.831683168,3600.000307,0.199999903,105.0000085,126,BendersOCT,0,16209.55398,42,3600,TRUE,143,113,2.371575356,,,,,
spect,3,200,0.686567164,0.76875,3600.000255,0.290322581,155,200,BendersOCT,0,18000.88059,42,3600,TRUE,87,68,2.613150835,,,,,
kr_vs_kp,5,2397,0.936170213,0.946298227,3600.102679,0.062650571,1126.5,1197.075868,BendersOCT,0.5,18002.79279,89,3600,TRUE,84,82,123.3402843,,,,,
kr_vs_kp,5,2397,0.846057572,0.839937435,3600.021546,0.21980552,391.4,477.4318807,BendersOCT,0.8,18003.58596,0,3600,TRUE,72,71,132.5225346,,,,,
spect,3,200,0.671641791,0.775,3600.000273,0.282051282,156,200,BendersOCT,0,18005.78107,0,3600,TRUE,53,49,1.831140041,,,,,
kr_vs_kp,5,2397,0.92991239,0.94734098,3600.024261,0.06332493,674.3,717,BendersOCT,0.7,18003.04284,42,3600,TRUE,84,82,109.5839767,,,,,
kr_vs_kp,5,2397,0.934918648,0.938477581,3600.015186,0.067603748,896.4,957,BendersOCT,0.6,18002.90869,15,3600,TRUE,83,82,113.3684497,,,,,
monk2,4,126,0.581395349,0.821782178,3600.000408,0.223300971,103,126,BendersOCT,0,16210.23111,0,3600,TRUE,126,114,1.445090771,,,,,